https://static.xx.fbcdn.net/images/emoji.php/v8/z88/1/32/1f600.png,0
https://static.xx.fbcdn.net/images/emoji.php/v8/z79/1/32/1f62c.png,1
https://static.xx.fbcdn.net/images/emoji.php/v8/z9/1/32/1f601.png,2
https://static.xx.fbcdn.net/images/emoji.php/v8/z8a/1/32/1f602.png,3
https://static.xx.fbcdn.net/images/emoji.php/v8/zb/1/32/1f603.png,4
https://static.xx.fbcdn.net/images/emoji.php/v8/z8c/1/32/1f604.png,5
https://static.xx.fbcdn.net/images/emoji.php/v8/zd/1/32/1f605.png,6
https://static.xx.fbcdn.net/images/emoji.php/v8/z8e/1/32/1f606.png,7
https://static.xx.fbcdn.net/images/emoji.php/v8/zf/1/32/1f607.png,8
https://static.xx.fbcdn.net/images/emoji.php/v8/z11/1/32/1f609.png,9
https://static.xx.fbcdn.net/images/emoji.php/v8/z39/1/32/1f60a.png,10
https://static.xx.fbcdn.net/images/emoji.php/v8/z6/1/32/1f642.png,11
https://static.xx.fbcdn.net/images/emoji.php/v8/z1/1/32/263a.png,12
https://static.xx.fbcdn.net/images/emoji.php/v8/zba/1/32/1f60b.png,13
https://static.xx.fbcdn.net/images/emoji.php/v8/z3b/1/32/1f60c.png,14
https://static.xx.fbcdn.net/images/emoji.php/v8/zbc/1/32/1f60d.png,15
https://static.xx.fbcdn.net/images/emoji.php/v8/z2f/1/32/1f618.png,16
https://static.xx.fbcdn.net/images/emoji.php/v8/zae/1/32/1f617.png,17
https://static.xx.fbcdn.net/images/emoji.php/v8/zb0/1/32/1f619.png,18
https://static.xx.fbcdn.net/images/emoji.php/v8/zd8/1/32/1f61a.png,19
https://static.xx.fbcdn.net/images/emoji.php/v8/zda/1/32/1f61c.png,20
https://static.xx.fbcdn.net/images/emoji.php/v8/z5b/1/32/1f61d.png,21
https://static.xx.fbcdn.net/images/emoji.php/v8/z59/1/32/1f61b.png,22
https://static.xx.fbcdn.net/images/emoji.php/v8/z3d/1/32/1f60e.png,23
https://static.xx.fbcdn.net/images/emoji.php/v8/zbe/1/32/1f60f.png,24
https://static.xx.fbcdn.net/images/emoji.php/v8/z6b/1/32/1f636.png,25
https://static.xx.fbcdn.net/images/emoji.php/v8/z27/1/32/1f610.png,26
https://static.xx.fbcdn.net/images/emoji.php/v8/za8/1/32/1f611.png,27
https://static.xx.fbcdn.net/images/emoji.php/v8/z29/1/32/1f612.png,28
https://static.xx.fbcdn.net/images/emoji.php/v8/ze8/1/32/1f633.png,29
https://static.xx.fbcdn.net/images/emoji.php/v8/zdc/1/32/1f61e.png,30
https://static.xx.fbcdn.net/images/emoji.php/v8/z5d/1/32/1f61f.png,31
https://static.xx.fbcdn.net/images/emoji.php/v8/zc6/1/32/1f620.png,32
https://static.xx.fbcdn.net/images/emoji.php/v8/z47/1/32/1f621.png,33
https://static.xx.fbcdn.net/images/emoji.php/v8/z2b/1/32/1f614.png,34
https://static.xx.fbcdn.net/images/emoji.php/v8/zac/1/32/1f615.png,35
https://static.xx.fbcdn.net/images/emoji.php/v8/z49/1/32/1f623.png,36
https://static.xx.fbcdn.net/images/emoji.php/v8/z2d/1/32/1f616.png,37
https://static.xx.fbcdn.net/images/emoji.php/v8/zf8/1/32/1f62b.png,38
https://static.xx.fbcdn.net/images/emoji.php/v8/z4f/1/32/1f629.png,39
https://static.xx.fbcdn.net/images/emoji.php/v8/zca/1/32/1f624.png,40
https://static.xx.fbcdn.net/images/emoji.php/v8/z7b/1/32/1f62e.png,41
https://static.xx.fbcdn.net/images/emoji.php/v8/ze6/1/32/1f631.png,42
https://static.xx.fbcdn.net/images/emoji.php/v8/zce/1/32/1f628.png,43
https://static.xx.fbcdn.net/images/emoji.php/v8/z65/1/32/1f630.png,44
https://static.xx.fbcdn.net/images/emoji.php/v8/zfc/1/32/1f62f.png,45
https://static.xx.fbcdn.net/images/emoji.php/v8/zcc/1/32/1f626.png,46
https://static.xx.fbcdn.net/images/emoji.php/v8/z4d/1/32/1f627.png,47
https://static.xx.fbcdn.net/images/emoji.php/v8/z4b/1/32/1f625.png,48
https://static.xx.fbcdn.net/images/emoji.php/v8/zc8/1/32/1f622.png,49
https://static.xx.fbcdn.net/images/emoji.php/v8/z77/1/32/1f62a.png,50
https://static.xx.fbcdn.net/images/emoji.php/v8/zaa/1/32/1f613.png,51
https://static.xx.fbcdn.net/images/emoji.php/v8/zfa/1/32/1f62d.png,52
https://static.xx.fbcdn.net/images/emoji.php/v8/zea/1/32/1f635.png,53
https://static.xx.fbcdn.net/images/emoji.php/v8/z67/1/32/1f632.png,54
https://static.xx.fbcdn.net/images/emoji.php/v8/zec/1/32/1f637.png,55
https://static.xx.fbcdn.net/images/emoji.php/v8/z69/1/32/1f634.png,56
https://static.xx.fbcdn.net/images/emoji.php/v8/z79/1/32/1f4a4.png,57
https://static.xx.fbcdn.net/images/emoji.php/v8/zfe/1/32/1f4a9.png,58
https://static.xx.fbcdn.net/images/emoji.php/v8/z90/1/32/1f608.png,59
https://static.xx.fbcdn.net/images/emoji.php/v8/z95/1/32/1f47f.png,60
https://static.xx.fbcdn.net/images/emoji.php/v8/ze8/1/32/1f479.png,61
https://static.xx.fbcdn.net/images/emoji.php/v8/z10/1/32/1f47a.png,62
https://static.xx.fbcdn.net/images/emoji.php/v8/zfe/1/32/1f480.png,63
https://static.xx.fbcdn.net/images/emoji.php/v8/z91/1/32/1f47b.png,64
https://static.xx.fbcdn.net/images/emoji.php/v8/z93/1/32/1f47d.png,65
https://static.xx.fbcdn.net/images/emoji.php/v8/z16/1/32/1f63a.png,66
https://static.xx.fbcdn.net/images/emoji.php/v8/z6d/1/32/1f638.png,67
https://static.xx.fbcdn.net/images/emoji.php/v8/zee/1/32/1f639.png,68
https://static.xx.fbcdn.net/images/emoji.php/v8/z97/1/32/1f63b.png,69
https://static.xx.fbcdn.net/images/emoji.php/v8/z18/1/32/1f63c.png,70
https://static.xx.fbcdn.net/images/emoji.php/v8/z99/1/32/1f63d.png,71
https://static.xx.fbcdn.net/images/emoji.php/v8/z4/1/32/1f640.png,72
https://static.xx.fbcdn.net/images/emoji.php/v8/z9b/1/32/1f63f.png,73
https://static.xx.fbcdn.net/images/emoji.php/v8/z1a/1/32/1f63e.png,74
https://static.xx.fbcdn.net/images/emoji.php/v8/zb7/1/32/1f64c.png,75
https://static.xx.fbcdn.net/images/emoji.php/v8/zb8/1/32/1f44f.png,76
https://static.xx.fbcdn.net/images/emoji.php/v8/zb4/1/32/1f44b.png,77
https://static.xx.fbcdn.net/images/emoji.php/v8/zb6/1/32/1f44d.png,78
https://static.xx.fbcdn.net/images/emoji.php/v8/z37/1/32/1f44e.png,79
https://static.xx.fbcdn.net/images/emoji.php/v8/z33/1/32/1f44a.png,80
https://static.xx.fbcdn.net/images/emoji.php/v8/z65/1/32/270a.png,81
https://static.xx.fbcdn.net/images/emoji.php/v8/z67/1/32/270c.png,82
https://static.xx.fbcdn.net/images/emoji.php/v8/z35/1/32/1f44c.png,83
https://static.xx.fbcdn.net/images/emoji.php/v8/ze6/1/32/270b.png,84
https://static.xx.fbcdn.net/images/emoji.php/v8/z21/1/32/1f450.png,85
https://static.xx.fbcdn.net/images/emoji.php/v8/z26/1/32/1f4aa.png,86
https://static.xx.fbcdn.net/images/emoji.php/v8/z3a/1/32/1f64f.png,87
https://static.xx.fbcdn.net/images/emoji.php/v8/z46/1/32/261d.png,88
https://static.xx.fbcdn.net/images/emoji.php/v8/z88/1/32/1f446.png,89
https://static.xx.fbcdn.net/images/emoji.php/v8/z9/1/32/1f447.png,90
https://static.xx.fbcdn.net/images/emoji.php/v8/z8a/1/32/1f448.png,91
https://static.xx.fbcdn.net/images/emoji.php/v8/zb/1/32/1f449.png,92
https://static.xx.fbcdn.net/images/emoji.php/v8/z83/1/32/1f485.png,93
https://static.xx.fbcdn.net/images/emoji.php/v8/z86/1/32/1f444.png,94
https://static.xx.fbcdn.net/images/emoji.php/v8/z7/1/32/1f445.png,95
https://static.xx.fbcdn.net/images/emoji.php/v8/z84/1/32/1f442.png,96
https://static.xx.fbcdn.net/images/emoji.php/v8/z5/1/32/1f443.png,97
https://static.xx.fbcdn.net/images/emoji.php/v8/z82/1/32/1f440.png,98
https://static.xx.fbcdn.net/images/emoji.php/v8/zc4/1/32/1f464.png,99
https://static.xx.fbcdn.net/images/emoji.php/v8/z45/1/32/1f465.png,100
https://static.xx.fbcdn.net/images/emoji.php/v8/z65/1/32/1f476.png,101
https://static.xx.fbcdn.net/images/emoji.php/v8/zc6/1/32/1f466.png,102
https://static.xx.fbcdn.net/images/emoji.php/v8/z47/1/32/1f467.png,103
https://static.xx.fbcdn.net/images/emoji.php/v8/zc8/1/32/1f468.png,104
https://static.xx.fbcdn.net/images/emoji.php/v8/z49/1/32/1f469.png,105
https://static.xx.fbcdn.net/images/emoji.php/v8/ze0/1/32/1f471.png,106
https://static.xx.fbcdn.net/images/emoji.php/v8/z63/1/32/1f474.png,107
https://static.xx.fbcdn.net/images/emoji.php/v8/ze4/1/32/1f475.png,108
https://static.xx.fbcdn.net/images/emoji.php/v8/z61/1/32/1f472.png,109
https://static.xx.fbcdn.net/images/emoji.php/v8/ze2/1/32/1f473.png,110
https://static.xx.fbcdn.net/images/emoji.php/v8/z75/1/32/1f46e.png,111
https://static.xx.fbcdn.net/images/emoji.php/v8/ze6/1/32/1f477.png,112
https://static.xx.fbcdn.net/images/emoji.php/v8/z0/1/32/1f482.png,113
https://static.xx.fbcdn.net/images/emoji.php/v8/z42/1/32/1f385.png,114
https://static.xx.fbcdn.net/images/emoji.php/v8/z12/1/32/1f47c.png,115
https://static.xx.fbcdn.net/images/emoji.php/v8/z67/1/32/1f478.png,116
https://static.xx.fbcdn.net/images/emoji.php/v8/z5f/1/32/1f470.png,117
https://static.xx.fbcdn.net/images/emoji.php/v8/z9c/1/32/1f6b6.png,118
https://static.xx.fbcdn.net/images/emoji.php/v8/zf5/1/32/1f3c3.png,119
https://static.xx.fbcdn.net/images/emoji.php/v8/z81/1/32/1f483.png,120
https://static.xx.fbcdn.net/images/emoji.php/v8/zf6/1/32/1f46f.png,121
https://static.xx.fbcdn.net/images/emoji.php/v8/zf2/1/32/1f46b.png,122
https://static.xx.fbcdn.net/images/emoji.php/v8/z73/1/32/1f46c.png,123
https://static.xx.fbcdn.net/images/emoji.php/v8/zf4/1/32/1f46d.png,124
https://static.xx.fbcdn.net/images/emoji.php/v8/z8b/1/32/1f647.png,125
https://static.xx.fbcdn.net/images/emoji.php/v8/z7f/1/32/1f481.png,126
https://static.xx.fbcdn.net/images/emoji.php/v8/z89/1/32/1f645.png,127
https://static.xx.fbcdn.net/images/emoji.php/v8/za/1/32/1f646.png,128
https://static.xx.fbcdn.net/images/emoji.php/v8/z36/1/32/1f64b.png,129
https://static.xx.fbcdn.net/images/emoji.php/v8/zb9/1/32/1f64e.png,130
https://static.xx.fbcdn.net/images/emoji.php/v8/z38/1/32/1f64d.png,131
https://static.xx.fbcdn.net/images/emoji.php/v8/z85/1/32/1f487.png,132
https://static.xx.fbcdn.net/images/emoji.php/v8/z4/1/32/1f486.png,133
https://static.xx.fbcdn.net/images/emoji.php/v8/z1e/1/32/1f491.png,134
https://static.xx.fbcdn.net/images/emoji.php/v8/zf8/1/32/1f468_200d_2764_fe0f_200d_1f468.png,135
https://static.xx.fbcdn.net/images/emoji.php/v8/zba/1/32/1f469_200d_2764_fe0f_200d_1f469.png,136
https://static.xx.fbcdn.net/images/emoji.php/v8/z34/1/32/1f48f.png,137
https://static.xx.fbcdn.net/images/emoji.php/v8/z9/1/32/1f468_200d_2764_fe0f_200d_1f48b_200d_1f468.png,138
https://static.xx.fbcdn.net/images/emoji.php/v8/za9/1/32/1f469_200d_2764_fe0f_200d_1f48b_200d_1f469.png,139
https://static.xx.fbcdn.net/images/emoji.php/v8/z71/1/32/1f46a.png,140
https://static.xx.fbcdn.net/images/emoji.php/v8/z5/1/32/1f468_200d_1f469_200d_1f466.png,141
https://static.xx.fbcdn.net/images/emoji.php/v8/z86/1/32/1f468_200d_1f469_200d_1f467.png,142
https://static.xx.fbcdn.net/images/emoji.php/v8/z21/1/32/1f468_200d_1f469_200d_1f467_200d_1f466.png,143
https://static.xx.fbcdn.net/images/emoji.php/v8/z42/1/32/1f468_200d_1f469_200d_1f466_200d_1f466.png,144
https://static.xx.fbcdn.net/images/emoji.php/v8/za2/1/32/1f468_200d_1f469_200d_1f467_200d_1f467.png,145
https://static.xx.fbcdn.net/images/emoji.php/v8/zc6/1/32/1f469_200d_1f469_200d_1f466.png,146
https://static.xx.fbcdn.net/images/emoji.php/v8/z47/1/32/1f469_200d_1f469_200d_1f467.png,147
https://static.xx.fbcdn.net/images/emoji.php/v8/zc0/1/32/1f469_200d_1f469_200d_1f467_200d_1f466.png,148
https://static.xx.fbcdn.net/images/emoji.php/v8/ze1/1/32/1f469_200d_1f469_200d_1f466_200d_1f466.png,149
https://static.xx.fbcdn.net/images/emoji.php/v8/z41/1/32/1f469_200d_1f469_200d_1f467_200d_1f467.png,150
https://static.xx.fbcdn.net/images/emoji.php/v8/z26/1/32/1f468_200d_1f468_200d_1f466.png,151
https://static.xx.fbcdn.net/images/emoji.php/v8/za7/1/32/1f468_200d_1f468_200d_1f467.png,152
https://static.xx.fbcdn.net/images/emoji.php/v8/z60/1/32/1f468_200d_1f468_200d_1f467_200d_1f466.png,153
https://static.xx.fbcdn.net/images/emoji.php/v8/z81/1/32/1f468_200d_1f468_200d_1f466_200d_1f466.png,154
https://static.xx.fbcdn.net/images/emoji.php/v8/ze1/1/32/1f468_200d_1f468_200d_1f467_200d_1f467.png,155
https://static.xx.fbcdn.net/images/emoji.php/v8/zd2/1/32/1f45a.png,156
https://static.xx.fbcdn.net/images/emoji.php/v8/za6/1/32/1f455.png,157
https://static.xx.fbcdn.net/images/emoji.php/v8/z27/1/32/1f456.png,158
https://static.xx.fbcdn.net/images/emoji.php/v8/z25/1/32/1f454.png,159
https://static.xx.fbcdn.net/images/emoji.php/v8/za8/1/32/1f457.png,160
https://static.xx.fbcdn.net/images/emoji.php/v8/zaa/1/32/1f459.png,161
https://static.xx.fbcdn.net/images/emoji.php/v8/z29/1/32/1f458.png,162
https://static.xx.fbcdn.net/images/emoji.php/v8/z2/1/32/1f484.png,163
https://static.xx.fbcdn.net/images/emoji.php/v8/z30/1/32/1f48b.png,164
https://static.xx.fbcdn.net/images/emoji.php/v8/z43/1/32/1f463.png,165
https://static.xx.fbcdn.net/images/emoji.php/v8/zc0/1/32/1f460.png,166
https://static.xx.fbcdn.net/images/emoji.php/v8/z41/1/32/1f461.png,167
https://static.xx.fbcdn.net/images/emoji.php/v8/zc2/1/32/1f462.png,168
https://static.xx.fbcdn.net/images/emoji.php/v8/zd6/1/32/1f45e.png,169
https://static.xx.fbcdn.net/images/emoji.php/v8/z57/1/32/1f45f.png,170
https://static.xx.fbcdn.net/images/emoji.php/v8/z23/1/32/1f452.png,171
https://static.xx.fbcdn.net/images/emoji.php/v8/zbd/1/32/1f3a9.png,172
https://static.xx.fbcdn.net/images/emoji.php/v8/zdf/1/32/1f393.png,173
https://static.xx.fbcdn.net/images/emoji.php/v8/za2/1/32/1f451.png,174
https://static.xx.fbcdn.net/images/emoji.php/v8/z5e/1/32/1f392.png,175
https://static.xx.fbcdn.net/images/emoji.php/v8/z55/1/32/1f45d.png,176
https://static.xx.fbcdn.net/images/emoji.php/v8/z53/1/32/1f45b.png,177
https://static.xx.fbcdn.net/images/emoji.php/v8/zd4/1/32/1f45c.png,178
https://static.xx.fbcdn.net/images/emoji.php/v8/zc7/1/32/1f4bc.png,179
https://static.xx.fbcdn.net/images/emoji.php/v8/za4/1/32/1f453.png,180
https://static.xx.fbcdn.net/images/emoji.php/v8/z32/1/32/1f48d.png,181
https://static.xx.fbcdn.net/images/emoji.php/v8/zc7/1/32/1f302.png,182
https://static.xx.fbcdn.net/images/emoji.php/v8/ze9/1/32/1f436.png,183
https://static.xx.fbcdn.net/images/emoji.php/v8/z64/1/32/1f431.png,184
https://static.xx.fbcdn.net/images/emoji.php/v8/z78/1/32/1f42d.png,185
https://static.xx.fbcdn.net/images/emoji.php/v8/z6c/1/32/1f439.png,186
https://static.xx.fbcdn.net/images/emoji.php/v8/ze3/1/32/1f430.png,187
https://static.xx.fbcdn.net/images/emoji.php/v8/z15/1/32/1f43b.png,188
https://static.xx.fbcdn.net/images/emoji.php/v8/z96/1/32/1f43c.png,189
https://static.xx.fbcdn.net/images/emoji.php/v8/z4c/1/32/1f428.png,190
https://static.xx.fbcdn.net/images/emoji.php/v8/z7a/1/32/1f42f.png,191
https://static.xx.fbcdn.net/images/emoji.php/v8/zf9/1/32/1f42e.png,192
https://static.xx.fbcdn.net/images/emoji.php/v8/z6a/1/32/1f437.png,193
https://static.xx.fbcdn.net/images/emoji.php/v8/z17/1/32/1f43d.png,194
https://static.xx.fbcdn.net/images/emoji.php/v8/zeb/1/32/1f438.png,195
https://static.xx.fbcdn.net/images/emoji.php/v8/z2e/1/32/1f419.png,196
https://static.xx.fbcdn.net/images/emoji.php/v8/z68/1/32/1f435.png,197
https://static.xx.fbcdn.net/images/emoji.php/v8/zc/1/32/1f648.png,198
https://static.xx.fbcdn.net/images/emoji.php/v8/z8d/1/32/1f649.png,199
https://static.xx.fbcdn.net/images/emoji.php/v8/zb5/1/32/1f64a.png,200
https://static.xx.fbcdn.net/images/emoji.php/v8/za7/1/32/1f412.png,201
https://static.xx.fbcdn.net/images/emoji.php/v8/zcb/1/32/1f427.png,202
https://static.xx.fbcdn.net/images/emoji.php/v8/z4a/1/32/1f426.png,203
https://static.xx.fbcdn.net/images/emoji.php/v8/z48/1/32/1f424.png,204
https://static.xx.fbcdn.net/images/emoji.php/v8/zc7/1/32/1f423.png,205
https://static.xx.fbcdn.net/images/emoji.php/v8/zc9/1/32/1f425.png,206
https://static.xx.fbcdn.net/images/emoji.php/v8/z94/1/32/1f43a.png,207
https://static.xx.fbcdn.net/images/emoji.php/v8/z2c/1/32/1f417.png,208
https://static.xx.fbcdn.net/images/emoji.php/v8/ze7/1/32/1f434.png,209
https://static.xx.fbcdn.net/images/emoji.php/v8/zd9/1/32/1f41d.png,210
https://static.xx.fbcdn.net/images/emoji.php/v8/zd7/1/32/1f41b.png,211
https://static.xx.fbcdn.net/images/emoji.php/v8/zb9/1/32/1f40c.png,212
https://static.xx.fbcdn.net/images/emoji.php/v8/z5a/1/32/1f41e.png,213
https://static.xx.fbcdn.net/images/emoji.php/v8/z58/1/32/1f41c.png,214
https://static.xx.fbcdn.net/images/emoji.php/v8/z3a/1/32/1f40d.png,215
https://static.xx.fbcdn.net/images/emoji.php/v8/z46/1/32/1f422.png,216
https://static.xx.fbcdn.net/images/emoji.php/v8/z44/1/32/1f420.png,217
https://static.xx.fbcdn.net/images/emoji.php/v8/zdb/1/32/1f41f.png,218
https://static.xx.fbcdn.net/images/emoji.php/v8/zc5/1/32/1f421.png,219
https://static.xx.fbcdn.net/images/emoji.php/v8/zf7/1/32/1f42c.png,220
https://static.xx.fbcdn.net/images/emoji.php/v8/z66/1/32/1f433.png,221
https://static.xx.fbcdn.net/images/emoji.php/v8/z38/1/32/1f40b.png,222
https://static.xx.fbcdn.net/images/emoji.php/v8/zb7/1/32/1f40a.png,223
https://static.xx.fbcdn.net/images/emoji.php/v8/zc/1/32/1f406.png,224
https://static.xx.fbcdn.net/images/emoji.php/v8/z8b/1/32/1f405.png,225
https://static.xx.fbcdn.net/images/emoji.php/v8/z89/1/32/1f403.png,226
https://static.xx.fbcdn.net/images/emoji.php/v8/z8/1/32/1f402.png,227
https://static.xx.fbcdn.net/images/emoji.php/v8/za9/1/32/1f414.png,228
https://static.xx.fbcdn.net/images/emoji.php/v8/za/1/32/1f404.png,229
https://static.xx.fbcdn.net/images/emoji.php/v8/zf5/1/32/1f42a.png,230
https://static.xx.fbcdn.net/images/emoji.php/v8/z76/1/32/1f42b.png,231
https://static.xx.fbcdn.net/images/emoji.php/v8/zad/1/32/1f418.png,232
https://static.xx.fbcdn.net/images/emoji.php/v8/za5/1/32/1f410.png,233
https://static.xx.fbcdn.net/images/emoji.php/v8/z3c/1/32/1f40f.png,234
https://static.xx.fbcdn.net/images/emoji.php/v8/z26/1/32/1f411.png,235
https://static.xx.fbcdn.net/images/emoji.php/v8/zbb/1/32/1f40e.png,236
https://static.xx.fbcdn.net/images/emoji.php/v8/zab/1/32/1f416.png,237
https://static.xx.fbcdn.net/images/emoji.php/v8/z6/1/32/1f400.png,238
https://static.xx.fbcdn.net/images/emoji.php/v8/z87/1/32/1f401.png,239
https://static.xx.fbcdn.net/images/emoji.php/v8/z28/1/32/1f413.png,240
https://static.xx.fbcdn.net/images/emoji.php/v8/z2a/1/32/1f415.png,241
https://static.xx.fbcdn.net/images/emoji.php/v8/zcd/1/32/1f429.png,242
https://static.xx.fbcdn.net/images/emoji.php/v8/ze/1/32/1f408.png,243
https://static.xx.fbcdn.net/images/emoji.php/v8/z8d/1/32/1f407.png,244
https://static.xx.fbcdn.net/images/emoji.php/v8/z98/1/32/1f43e.png,245
https://static.xx.fbcdn.net/images/emoji.php/v8/z8f/1/32/1f409.png,246
https://static.xx.fbcdn.net/images/emoji.php/v8/ze5/1/32/1f432.png,247
https://static.xx.fbcdn.net/images/emoji.php/v8/z27/1/32/1f335.png,248
https://static.xx.fbcdn.net/images/emoji.php/v8/zc1/1/32/1f384.png,249
https://static.xx.fbcdn.net/images/emoji.php/v8/za4/1/32/1f332.png,250
https://static.xx.fbcdn.net/images/emoji.php/v8/z25/1/32/1f333.png,251
https://static.xx.fbcdn.net/images/emoji.php/v8/za6/1/32/1f334.png,252
https://static.xx.fbcdn.net/images/emoji.php/v8/z23/1/32/1f331.png,253
https://static.xx.fbcdn.net/images/emoji.php/v8/zd8/1/32/1f33f.png,254
https://static.xx.fbcdn.net/images/emoji.php/v8/z41/1/32/1f340.png,255
https://static.xx.fbcdn.net/images/emoji.php/v8/zf1/1/32/1f38d.png,256
https://static.xx.fbcdn.net/images/emoji.php/v8/zef/1/32/1f38b.png,257
https://static.xx.fbcdn.net/images/emoji.php/v8/zc4/1/32/1f343.png,258
https://static.xx.fbcdn.net/images/emoji.php/v8/z43/1/32/1f342.png,259
https://static.xx.fbcdn.net/images/emoji.php/v8/zc2/1/32/1f341.png,260
https://static.xx.fbcdn.net/images/emoji.php/v8/z57/1/32/1f33e.png,261
https://static.xx.fbcdn.net/images/emoji.php/v8/z53/1/32/1f33a.png,262
https://static.xx.fbcdn.net/images/emoji.php/v8/zd4/1/32/1f33b.png,263
https://static.xx.fbcdn.net/images/emoji.php/v8/z2b/1/32/1f339.png,264
https://static.xx.fbcdn.net/images/emoji.php/v8/z55/1/32/1f33c.png,265
https://static.xx.fbcdn.net/images/emoji.php/v8/z29/1/32/1f337.png,266
https://static.xx.fbcdn.net/images/emoji.php/v8/zaa/1/32/1f338.png,267
https://static.xx.fbcdn.net/images/emoji.php/v8/z45/1/32/1f344.png,268
https://static.xx.fbcdn.net/images/emoji.php/v8/z9d/1/32/1f490.png,269
https://static.xx.fbcdn.net/images/emoji.php/v8/za2/1/32/1f330.png,270
https://static.xx.fbcdn.net/images/emoji.php/v8/z40/1/32/1f383.png,271
https://static.xx.fbcdn.net/images/emoji.php/v8/z56/1/32/1f41a.png,272
https://static.xx.fbcdn.net/images/emoji.php/v8/z7a/1/32/1f30e.png,273
https://static.xx.fbcdn.net/images/emoji.php/v8/zf9/1/32/1f30d.png,274
https://static.xx.fbcdn.net/images/emoji.php/v8/zfb/1/32/1f30f.png,275
https://static.xx.fbcdn.net/images/emoji.php/v8/ze9/1/32/1f315.png,276
https://static.xx.fbcdn.net/images/emoji.php/v8/z6a/1/32/1f316.png,277
https://static.xx.fbcdn.net/images/emoji.php/v8/zeb/1/32/1f317.png,278
https://static.xx.fbcdn.net/images/emoji.php/v8/z6c/1/32/1f318.png,279
https://static.xx.fbcdn.net/images/emoji.php/v8/ze5/1/32/1f311.png,280
https://static.xx.fbcdn.net/images/emoji.php/v8/z66/1/32/1f312.png,281
https://static.xx.fbcdn.net/images/emoji.php/v8/ze7/1/32/1f313.png,282
https://static.xx.fbcdn.net/images/emoji.php/v8/z68/1/32/1f314.png,283
https://static.xx.fbcdn.net/images/emoji.php/v8/z15/1/32/1f31a.png,284
https://static.xx.fbcdn.net/images/emoji.php/v8/z98/1/32/1f31d.png,285
https://static.xx.fbcdn.net/images/emoji.php/v8/z96/1/32/1f31b.png,286
https://static.xx.fbcdn.net/images/emoji.php/v8/z17/1/32/1f31c.png,287
https://static.xx.fbcdn.net/images/emoji.php/v8/z19/1/32/1f31e.png,288
https://static.xx.fbcdn.net/images/emoji.php/v8/zed/1/32/1f319.png,289
https://static.xx.fbcdn.net/images/emoji.php/v8/zba/1/32/2b50.png,290
https://static.xx.fbcdn.net/images/emoji.php/v8/z9a/1/32/1f31f.png,291
https://static.xx.fbcdn.net/images/emoji.php/v8/za7/1/32/1f4ab.png,292
https://static.xx.fbcdn.net/images/emoji.php/v8/zfa/1/32/2728.png,293
https://static.xx.fbcdn.net/images/emoji.php/v8/z73/1/32/2600.png,294
https://static.xx.fbcdn.net/images/emoji.php/v8/za5/1/32/26c5.png,295
https://static.xx.fbcdn.net/images/emoji.php/v8/zf4/1/32/2601.png,296
https://static.xx.fbcdn.net/images/emoji.php/v8/z63/1/32/26a1.png,297
https://static.xx.fbcdn.net/images/emoji.php/v8/za/1/32/1f525.png,298
https://static.xx.fbcdn.net/images/emoji.php/v8/zfa/1/32/1f4a5.png,299
https://static.xx.fbcdn.net/images/emoji.php/v8/z34/1/32/2744.png,300
https://static.xx.fbcdn.net/images/emoji.php/v8/z24/1/32/26c4.png,301
https://static.xx.fbcdn.net/images/emoji.php/v8/z7d/1/32/1f4a8.png,302
https://static.xx.fbcdn.net/images/emoji.php/v8/z16/1/32/2614.png,303
https://static.xx.fbcdn.net/images/emoji.php/v8/zfc/1/32/1f4a7.png,304
https://static.xx.fbcdn.net/images/emoji.php/v8/z7b/1/32/1f4a6.png,305
https://static.xx.fbcdn.net/images/emoji.php/v8/z76/1/32/1f30a.png,306
https://static.xx.fbcdn.net/images/emoji.php/v8/z77/1/32/1f34f.png,307
https://static.xx.fbcdn.net/images/emoji.php/v8/zf6/1/32/1f34e.png,308
https://static.xx.fbcdn.net/images/emoji.php/v8/ze0/1/32/1f350.png,309
https://static.xx.fbcdn.net/images/emoji.php/v8/zf2/1/32/1f34a.png,310
https://static.xx.fbcdn.net/images/emoji.php/v8/z73/1/32/1f34b.png,311
https://static.xx.fbcdn.net/images/emoji.php/v8/zf4/1/32/1f34c.png,312
https://static.xx.fbcdn.net/images/emoji.php/v8/zca/1/32/1f349.png,313
https://static.xx.fbcdn.net/images/emoji.php/v8/zc8/1/32/1f347.png,314
https://static.xx.fbcdn.net/images/emoji.php/v8/z63/1/32/1f353.png,315
https://static.xx.fbcdn.net/images/emoji.php/v8/z49/1/32/1f348.png,316
https://static.xx.fbcdn.net/images/emoji.php/v8/ze2/1/32/1f352.png,317
https://static.xx.fbcdn.net/images/emoji.php/v8/z61/1/32/1f351.png,318
https://static.xx.fbcdn.net/images/emoji.php/v8/z75/1/32/1f34d.png,319
https://static.xx.fbcdn.net/images/emoji.php/v8/zc6/1/32/1f345.png,320
https://static.xx.fbcdn.net/images/emoji.php/v8/z47/1/32/1f346.png,321
https://static.xx.fbcdn.net/images/emoji.php/v8/zd6/1/32/1f33d.png,322
https://static.xx.fbcdn.net/images/emoji.php/v8/z7f/1/32/1f360.png,323
https://static.xx.fbcdn.net/images/emoji.php/v8/z95/1/32/1f35e.png,324
https://static.xx.fbcdn.net/images/emoji.php/v8/z67/1/32/1f357.png,325
https://static.xx.fbcdn.net/images/emoji.php/v8/ze6/1/32/1f356.png,326
https://static.xx.fbcdn.net/images/emoji.php/v8/z83/1/32/1f364.png,327
https://static.xx.fbcdn.net/images/emoji.php/v8/za1/1/32/1f373.png,328
https://static.xx.fbcdn.net/images/emoji.php/v8/ze4/1/32/1f354.png,329
https://static.xx.fbcdn.net/images/emoji.php/v8/z16/1/32/1f35f.png,330
https://static.xx.fbcdn.net/images/emoji.php/v8/z65/1/32/1f355.png,331
https://static.xx.fbcdn.net/images/emoji.php/v8/z14/1/32/1f35d.png,332
https://static.xx.fbcdn.net/images/emoji.php/v8/z93/1/32/1f35c.png,333
https://static.xx.fbcdn.net/images/emoji.php/v8/z20/1/32/1f372.png,334
https://static.xx.fbcdn.net/images/emoji.php/v8/z4/1/32/1f365.png,335
https://static.xx.fbcdn.net/images/emoji.php/v8/z2/1/32/1f363.png,336
https://static.xx.fbcdn.net/images/emoji.php/v8/z9f/1/32/1f371.png,337
https://static.xx.fbcdn.net/images/emoji.php/v8/z12/1/32/1f35b.png,338
https://static.xx.fbcdn.net/images/emoji.php/v8/z69/1/32/1f359.png,339
https://static.xx.fbcdn.net/images/emoji.php/v8/z91/1/32/1f35a.png,340
https://static.xx.fbcdn.net/images/emoji.php/v8/ze8/1/32/1f358.png,341
https://static.xx.fbcdn.net/images/emoji.php/v8/z81/1/32/1f362.png,342
https://static.xx.fbcdn.net/images/emoji.php/v8/z0/1/32/1f361.png,343
https://static.xx.fbcdn.net/images/emoji.php/v8/z6/1/32/1f367.png,344
https://static.xx.fbcdn.net/images/emoji.php/v8/z87/1/32/1f368.png,345
https://static.xx.fbcdn.net/images/emoji.php/v8/z85/1/32/1f366.png,346
https://static.xx.fbcdn.net/images/emoji.php/v8/z1e/1/32/1f370.png,347
https://static.xx.fbcdn.net/images/emoji.php/v8/zb5/1/32/1f36f.png,348
https://static.xx.fbcdn.net/images/emoji.php/v8/zbf/1/32/1f382.png,349
https://static.xx.fbcdn.net/images/emoji.php/v8/z34/1/32/1f36e.png,350
https://static.xx.fbcdn.net/images/emoji.php/v8/z32/1/32/1f36c.png,351
https://static.xx.fbcdn.net/images/emoji.php/v8/zb3/1/32/1f36d.png,352
https://static.xx.fbcdn.net/images/emoji.php/v8/zb1/1/32/1f36b.png,353
https://static.xx.fbcdn.net/images/emoji.php/v8/z8/1/32/1f369.png,354
https://static.xx.fbcdn.net/images/emoji.php/v8/z30/1/32/1f36a.png,355
https://static.xx.fbcdn.net/images/emoji.php/v8/zcf/1/32/1f37a.png,356
https://static.xx.fbcdn.net/images/emoji.php/v8/z50/1/32/1f37b.png,357
https://static.xx.fbcdn.net/images/emoji.php/v8/za5/1/32/1f377.png,358
https://static.xx.fbcdn.net/images/emoji.php/v8/z26/1/32/1f378.png,359
https://static.xx.fbcdn.net/images/emoji.php/v8/za7/1/32/1f379.png,360
https://static.xx.fbcdn.net/images/emoji.php/v8/z24/1/32/1f376.png,361
https://static.xx.fbcdn.net/images/emoji.php/v8/za3/1/32/1f375.png,362
https://static.xx.fbcdn.net/images/emoji.php/v8/z97/1/32/2615.png,363
https://static.xx.fbcdn.net/images/emoji.php/v8/zd1/1/32/1f37c.png,364
https://static.xx.fbcdn.net/images/emoji.php/v8/z22/1/32/1f374.png,365
https://static.xx.fbcdn.net/images/emoji.php/v8/zb5/1/32/26bd.png,366
https://static.xx.fbcdn.net/images/emoji.php/v8/z72/1/32/1f3c0.png,367
https://static.xx.fbcdn.net/images/emoji.php/v8/z7a/1/32/1f3c8.png,368
https://static.xx.fbcdn.net/images/emoji.php/v8/z36/1/32/26be.png,369
https://static.xx.fbcdn.net/images/emoji.php/v8/z88/1/32/1f3be.png,370
https://static.xx.fbcdn.net/images/emoji.php/v8/zfb/1/32/1f3c9.png,371
https://static.xx.fbcdn.net/images/emoji.php/v8/z54/1/32/1f3b1.png,372
https://static.xx.fbcdn.net/images/emoji.php/v8/z80/1/32/26f3.png,373
https://static.xx.fbcdn.net/images/emoji.php/v8/z9/1/32/1f3bf.png,374
https://static.xx.fbcdn.net/images/emoji.php/v8/z74/1/32/1f3c2.png,375
https://static.xx.fbcdn.net/images/emoji.php/v8/zb7/1/32/1f3a3.png,376
https://static.xx.fbcdn.net/images/emoji.php/v8/z7a/1/32/1f6a3.png,377
https://static.xx.fbcdn.net/images/emoji.php/v8/z23/1/32/1f3ca.png,378
https://static.xx.fbcdn.net/images/emoji.php/v8/z76/1/32/1f3c4.png,379
https://static.xx.fbcdn.net/images/emoji.php/v8/z9a/1/32/1f6b4.png,380
https://static.xx.fbcdn.net/images/emoji.php/v8/z1b/1/32/1f6b5.png,381
https://static.xx.fbcdn.net/images/emoji.php/v8/zf9/1/32/1f3c7.png,382
https://static.xx.fbcdn.net/images/emoji.php/v8/z78/1/32/1f3c6.png,383
https://static.xx.fbcdn.net/images/emoji.php/v8/z7/1/32/1f3bd.png,384
https://static.xx.fbcdn.net/images/emoji.php/v8/z66/1/32/1f3ab.png,385
https://static.xx.fbcdn.net/images/emoji.php/v8/z68/1/32/1f3ad.png,386
https://static.xx.fbcdn.net/images/emoji.php/v8/z3c/1/32/1f3a8.png,387
https://static.xx.fbcdn.net/images/emoji.php/v8/ze5/1/32/1f3aa.png,388
https://static.xx.fbcdn.net/images/emoji.php/v8/z38/1/32/1f3a4.png,389
https://static.xx.fbcdn.net/images/emoji.php/v8/zbb/1/32/1f3a7.png,390
https://static.xx.fbcdn.net/images/emoji.php/v8/z86/1/32/1f3bc.png,391
https://static.xx.fbcdn.net/images/emoji.php/v8/z5c/1/32/1f3b9.png,392
https://static.xx.fbcdn.net/images/emoji.php/v8/z5a/1/32/1f3b7.png,393
https://static.xx.fbcdn.net/images/emoji.php/v8/z84/1/32/1f3ba.png,394
https://static.xx.fbcdn.net/images/emoji.php/v8/zdb/1/32/1f3b8.png,395
https://static.xx.fbcdn.net/images/emoji.php/v8/z5/1/32/1f3bb.png,396
https://static.xx.fbcdn.net/images/emoji.php/v8/ze7/1/32/1f3ac.png,397
https://static.xx.fbcdn.net/images/emoji.php/v8/ze9/1/32/1f3ae.png,398
https://static.xx.fbcdn.net/images/emoji.php/v8/z14/1/32/1f47e.png,399
https://static.xx.fbcdn.net/images/emoji.php/v8/z6a/1/32/1f3af.png,400
https://static.xx.fbcdn.net/images/emoji.php/v8/zd5/1/32/1f3b2.png,401
https://static.xx.fbcdn.net/images/emoji.php/v8/zd3/1/32/1f3b0.png,402
https://static.xx.fbcdn.net/images/emoji.php/v8/z56/1/32/1f3b3.png,403
https://static.xx.fbcdn.net/images/emoji.php/v8/za6/1/32/1f697.png,404
https://static.xx.fbcdn.net/images/emoji.php/v8/za4/1/32/1f695.png,405
https://static.xx.fbcdn.net/images/emoji.php/v8/z7/1/32/1f687.png,406
https://static.xx.fbcdn.net/images/emoji.php/v8/za8/1/32/1f699.png,407
https://static.xx.fbcdn.net/images/emoji.php/v8/z33/1/32/1f68c.png,408
https://static.xx.fbcdn.net/images/emoji.php/v8/z35/1/32/1f68e.png,409
https://static.xx.fbcdn.net/images/emoji.php/v8/za2/1/32/1f693.png,410
https://static.xx.fbcdn.net/images/emoji.php/v8/za0/1/32/1f691.png,411
https://static.xx.fbcdn.net/images/emoji.php/v8/z21/1/32/1f692.png,412
https://static.xx.fbcdn.net/images/emoji.php/v8/z1f/1/32/1f690.png,413
https://static.xx.fbcdn.net/images/emoji.php/v8/zd0/1/32/1f69a.png,414
https://static.xx.fbcdn.net/images/emoji.php/v8/z51/1/32/1f69b.png,415
https://static.xx.fbcdn.net/images/emoji.php/v8/zd2/1/32/1f69c.png,416
https://static.xx.fbcdn.net/images/emoji.php/v8/z98/1/32/1f6b2.png,417
https://static.xx.fbcdn.net/images/emoji.php/v8/zff/1/32/1f6a8.png,418
https://static.xx.fbcdn.net/images/emoji.php/v8/zb4/1/32/1f68d.png,419
https://static.xx.fbcdn.net/images/emoji.php/v8/z27/1/32/1f698.png,420
https://static.xx.fbcdn.net/images/emoji.php/v8/z23/1/32/1f694.png,421
https://static.xx.fbcdn.net/images/emoji.php/v8/z25/1/32/1f696.png,422
https://static.xx.fbcdn.net/images/emoji.php/v8/z78/1/32/1f6a1.png,423
https://static.xx.fbcdn.net/images/emoji.php/v8/zf7/1/32/1f6a0.png,424
https://static.xx.fbcdn.net/images/emoji.php/v8/z55/1/32/1f69f.png,425
https://static.xx.fbcdn.net/images/emoji.php/v8/z3/1/32/1f683.png,426
https://static.xx.fbcdn.net/images/emoji.php/v8/zb2/1/32/1f68b.png,427
https://static.xx.fbcdn.net/images/emoji.php/v8/z53/1/32/1f69d.png,428
https://static.xx.fbcdn.net/images/emoji.php/v8/z84/1/32/1f684.png,429
https://static.xx.fbcdn.net/images/emoji.php/v8/z5/1/32/1f685.png,430
https://static.xx.fbcdn.net/images/emoji.php/v8/z88/1/32/1f688.png,431
https://static.xx.fbcdn.net/images/emoji.php/v8/zd4/1/32/1f69e.png,432
https://static.xx.fbcdn.net/images/emoji.php/v8/z82/1/32/1f682.png,433
https://static.xx.fbcdn.net/images/emoji.php/v8/z86/1/32/1f686.png,434
https://static.xx.fbcdn.net/images/emoji.php/v8/z31/1/32/1f68a.png,435
https://static.xx.fbcdn.net/images/emoji.php/v8/z9/1/32/1f689.png,436
https://static.xx.fbcdn.net/images/emoji.php/v8/z1/1/32/1f681.png,437
https://static.xx.fbcdn.net/images/emoji.php/v8/zbc/1/32/2708.png,438
https://static.xx.fbcdn.net/images/emoji.php/v8/z82/1/32/26f5.png,439
https://static.xx.fbcdn.net/images/emoji.php/v8/zfb/1/32/1f6a4.png,440
https://static.xx.fbcdn.net/images/emoji.php/v8/z80/1/32/1f680.png,441
https://static.xx.fbcdn.net/images/emoji.php/v8/zc5/1/32/1f4ba.png,442
https://static.xx.fbcdn.net/images/emoji.php/v8/z8d/1/32/2693.png,443
https://static.xx.fbcdn.net/images/emoji.php/v8/z7e/1/32/1f6a7.png,444
https://static.xx.fbcdn.net/images/emoji.php/v8/z31/1/32/26fd.png,445
https://static.xx.fbcdn.net/images/emoji.php/v8/zb6/1/32/1f68f.png,446
https://static.xx.fbcdn.net/images/emoji.php/v8/zfd/1/32/1f6a6.png,447
https://static.xx.fbcdn.net/images/emoji.php/v8/z7c/1/32/1f6a5.png,448
https://static.xx.fbcdn.net/images/emoji.php/v8/zf3/1/32/1f3c1.png,449
https://static.xx.fbcdn.net/images/emoji.php/v8/zf9/1/32/1f6a2.png,450
https://static.xx.fbcdn.net/images/emoji.php/v8/zb5/1/32/1f3a1.png,451
https://static.xx.fbcdn.net/images/emoji.php/v8/z36/1/32/1f3a2.png,452
https://static.xx.fbcdn.net/images/emoji.php/v8/z34/1/32/1f3a0.png,453
https://static.xx.fbcdn.net/images/emoji.php/v8/z46/1/32/1f301.png,454
https://static.xx.fbcdn.net/images/emoji.php/v8/z84/1/32/1f5fc.png,455
https://static.xx.fbcdn.net/images/emoji.php/v8/ze4/1/32/1f3ed.png,456
https://static.xx.fbcdn.net/images/emoji.php/v8/zff/1/32/26f2.png,457
https://static.xx.fbcdn.net/images/emoji.php/v8/zdd/1/32/1f391.png,458
https://static.xx.fbcdn.net/images/emoji.php/v8/z3/1/32/1f5fb.png,459
https://static.xx.fbcdn.net/images/emoji.php/v8/zf7/1/32/1f30b.png,460
https://static.xx.fbcdn.net/images/emoji.php/v8/z86/1/32/1f5fe.png,461
https://static.xx.fbcdn.net/images/emoji.php/v8/z4a/1/32/1f305.png,462
https://static.xx.fbcdn.net/images/emoji.php/v8/zc9/1/32/1f304.png,463
https://static.xx.fbcdn.net/images/emoji.php/v8/z4c/1/32/1f307.png,464
https://static.xx.fbcdn.net/images/emoji.php/v8/zcb/1/32/1f306.png,465
https://static.xx.fbcdn.net/images/emoji.php/v8/z48/1/32/1f303.png,466
https://static.xx.fbcdn.net/images/emoji.php/v8/z4e/1/32/1f309.png,467
https://static.xx.fbcdn.net/images/emoji.php/v8/z78/1/32/1f30c.png,468
https://static.xx.fbcdn.net/images/emoji.php/v8/z44/1/32/1f387.png,469
https://static.xx.fbcdn.net/images/emoji.php/v8/zc3/1/32/1f386.png,470
https://static.xx.fbcdn.net/images/emoji.php/v8/zcd/1/32/1f308.png,471
https://static.xx.fbcdn.net/images/emoji.php/v8/z4f/1/32/1f3f0.png,472
https://static.xx.fbcdn.net/images/emoji.php/v8/ze6/1/32/1f3ef.png,473
https://static.xx.fbcdn.net/images/emoji.php/v8/z5/1/32/1f5fd.png,474
https://static.xx.fbcdn.net/images/emoji.php/v8/zb0/1/32/1f3e0.png,475
https://static.xx.fbcdn.net/images/emoji.php/v8/z31/1/32/1f3e1.png,476
https://static.xx.fbcdn.net/images/emoji.php/v8/zb2/1/32/1f3e2.png,477
https://static.xx.fbcdn.net/images/emoji.php/v8/z63/1/32/1f3ec.png,478
https://static.xx.fbcdn.net/images/emoji.php/v8/zae/1/32/26fa.png,479
https://static.xx.fbcdn.net/images/emoji.php/v8/z33/1/32/1f3e3.png,480
https://static.xx.fbcdn.net/images/emoji.php/v8/zb4/1/32/1f3e4.png,481
https://static.xx.fbcdn.net/images/emoji.php/v8/z35/1/32/1f3e5.png,482
https://static.xx.fbcdn.net/images/emoji.php/v8/zb6/1/32/1f3e6.png,483
https://static.xx.fbcdn.net/images/emoji.php/v8/zb8/1/32/1f3e8.png,484
https://static.xx.fbcdn.net/images/emoji.php/v8/z61/1/32/1f3ea.png,485
https://static.xx.fbcdn.net/images/emoji.php/v8/ze2/1/32/1f3eb.png,486
https://static.xx.fbcdn.net/images/emoji.php/v8/z39/1/32/1f3e9.png,487
https://static.xx.fbcdn.net/images/emoji.php/v8/z9f/1/32/1f492.png,488
https://static.xx.fbcdn.net/images/emoji.php/v8/zf/1/32/26ea.png,489
https://static.xx.fbcdn.net/images/emoji.php/v8/z3/1/32/1f320.png,490
https://static.xx.fbcdn.net/images/emoji.php/v8/z0/1/32/231a.png,491
https://static.xx.fbcdn.net/images/emoji.php/v8/z11/1/32/1f4f1.png,492
https://static.xx.fbcdn.net/images/emoji.php/v8/z92/1/32/1f4f2.png,493
https://static.xx.fbcdn.net/images/emoji.php/v8/z46/1/32/1f4bb.png,494
https://static.xx.fbcdn.net/images/emoji.php/v8/z48/1/32/1f4bd.png,495
https://static.xx.fbcdn.net/images/emoji.php/v8/zc9/1/32/1f4be.png,496
https://static.xx.fbcdn.net/images/emoji.php/v8/z4a/1/32/1f4bf.png,497
https://static.xx.fbcdn.net/images/emoji.php/v8/zb3/1/32/1f4c0.png,498
https://static.xx.fbcdn.net/images/emoji.php/v8/z43/1/32/1f4fc.png,499
https://static.xx.fbcdn.net/images/emoji.php/v8/z17/1/32/1f4f7.png,500
https://static.xx.fbcdn.net/images/emoji.php/v8/z19/1/32/1f4f9.png,501
https://static.xx.fbcdn.net/images/emoji.php/v8/zb9/1/32/1f3a5.png,502
https://static.xx.fbcdn.net/images/emoji.php/v8/z7/1/32/1f4de.png,503
https://static.xx.fbcdn.net/images/emoji.php/v8/z28/1/32/260e.png,504
https://static.xx.fbcdn.net/images/emoji.php/v8/z88/1/32/1f4df.png,505
https://static.xx.fbcdn.net/images/emoji.php/v8/zf1/1/32/1f4e0.png,506
https://static.xx.fbcdn.net/images/emoji.php/v8/z41/1/32/1f4fa.png,507
https://static.xx.fbcdn.net/images/emoji.php/v8/zc2/1/32/1f4fb.png,508
https://static.xx.fbcdn.net/images/emoji.php/v8/z3a/1/32/23f0.png,509
https://static.xx.fbcdn.net/images/emoji.php/v8/z81/1/32/231b.png,510
https://static.xx.fbcdn.net/images/emoji.php/v8/zbd/1/32/23f3.png,511
https://static.xx.fbcdn.net/images/emoji.php/v8/z72/1/32/1f4e1.png,512
https://static.xx.fbcdn.net/images/emoji.php/v8/z79/1/32/1f50b.png,513
https://static.xx.fbcdn.net/images/emoji.php/v8/zfa/1/32/1f50c.png,514
https://static.xx.fbcdn.net/images/emoji.php/v8/zf6/1/32/1f4a1.png,515
https://static.xx.fbcdn.net/images/emoji.php/v8/z8b/1/32/1f526.png,516
https://static.xx.fbcdn.net/images/emoji.php/v8/z1c/1/32/1f4b8.png,517
https://static.xx.fbcdn.net/images/emoji.php/v8/z99/1/32/1f4b5.png,518
https://static.xx.fbcdn.net/images/emoji.php/v8/z18/1/32/1f4b4.png,519
https://static.xx.fbcdn.net/images/emoji.php/v8/z1a/1/32/1f4b6.png,520
https://static.xx.fbcdn.net/images/emoji.php/v8/z9b/1/32/1f4b7.png,521
https://static.xx.fbcdn.net/images/emoji.php/v8/z14/1/32/1f4b0.png,522
https://static.xx.fbcdn.net/images/emoji.php/v8/z97/1/32/1f4b3.png,523
https://static.xx.fbcdn.net/images/emoji.php/v8/zb3/1/32/1f48e.png,524
https://static.xx.fbcdn.net/images/emoji.php/v8/zc/1/32/1f527.png,525
https://static.xx.fbcdn.net/images/emoji.php/v8/z8d/1/32/1f528.png,526
https://static.xx.fbcdn.net/images/emoji.php/v8/ze/1/32/1f529.png,527
https://static.xx.fbcdn.net/images/emoji.php/v8/zb7/1/32/1f52b.png,528
https://static.xx.fbcdn.net/images/emoji.php/v8/zf8/1/32/1f4a3.png,529
https://static.xx.fbcdn.net/images/emoji.php/v8/z36/1/32/1f52a.png,530
https://static.xx.fbcdn.net/images/emoji.php/v8/zaa/1/32/1f6ac.png,531
https://static.xx.fbcdn.net/images/emoji.php/v8/z3a/1/32/1f52e.png,532
https://static.xx.fbcdn.net/images/emoji.php/v8/z6/1/32/1f488.png,533
https://static.xx.fbcdn.net/images/emoji.php/v8/zb9/1/32/1f52d.png,534
https://static.xx.fbcdn.net/images/emoji.php/v8/z38/1/32/1f52c.png,535
https://static.xx.fbcdn.net/images/emoji.php/v8/zaf/1/32/1f48a.png,536
https://static.xx.fbcdn.net/images/emoji.php/v8/z87/1/32/1f489.png,537
https://static.xx.fbcdn.net/images/emoji.php/v8/zec/1/32/1f516.png,538
https://static.xx.fbcdn.net/images/emoji.php/v8/zca/1/32/1f6bd.png,539
https://static.xx.fbcdn.net/images/emoji.php/v8/zcc/1/32/1f6bf.png,540
https://static.xx.fbcdn.net/images/emoji.php/v8/z35/1/32/1f6c0.png,541
https://static.xx.fbcdn.net/images/emoji.php/v8/zb6/1/32/1f6c1.png,542
https://static.xx.fbcdn.net/images/emoji.php/v8/z67/1/32/1f511.png,543
https://static.xx.fbcdn.net/images/emoji.php/v8/za8/1/32/1f6aa.png,544
https://static.xx.fbcdn.net/images/emoji.php/v8/z7/1/32/1f5ff.png,545
https://static.xx.fbcdn.net/images/emoji.php/v8/zc5/1/32/1f388.png,546
https://static.xx.fbcdn.net/images/emoji.php/v8/zf3/1/32/1f38f.png,547
https://static.xx.fbcdn.net/images/emoji.php/v8/zbd/1/32/1f380.png,548
https://static.xx.fbcdn.net/images/emoji.php/v8/z3e/1/32/1f381.png,549
https://static.xx.fbcdn.net/images/emoji.php/v8/z6e/1/32/1f38a.png,550
https://static.xx.fbcdn.net/images/emoji.php/v8/z46/1/32/1f389.png,551
https://static.xx.fbcdn.net/images/emoji.php/v8/z72/1/32/1f38e.png,552
https://static.xx.fbcdn.net/images/emoji.php/v8/z5c/1/32/1f390.png,553
https://static.xx.fbcdn.net/images/emoji.php/v8/z70/1/32/1f38c.png,554
https://static.xx.fbcdn.net/images/emoji.php/v8/z65/1/32/1f3ee.png,555
https://static.xx.fbcdn.net/images/emoji.php/v8/z3d/1/32/2709.png,556
https://static.xx.fbcdn.net/images/emoji.php/v8/z7a/1/32/1f4e9.png,557
https://static.xx.fbcdn.net/images/emoji.php/v8/zf9/1/32/1f4e8.png,558
https://static.xx.fbcdn.net/images/emoji.php/v8/zb1/1/32/1f48c.png,559
https://static.xx.fbcdn.net/images/emoji.php/v8/z78/1/32/1f4e7.png,560
https://static.xx.fbcdn.net/images/emoji.php/v8/za6/1/32/1f4ee.png,561
https://static.xx.fbcdn.net/images/emoji.php/v8/za2/1/32/1f4ea.png,562
https://static.xx.fbcdn.net/images/emoji.php/v8/z23/1/32/1f4eb.png,563
https://static.xx.fbcdn.net/images/emoji.php/v8/za4/1/32/1f4ec.png,564
https://static.xx.fbcdn.net/images/emoji.php/v8/z25/1/32/1f4ed.png,565
https://static.xx.fbcdn.net/images/emoji.php/v8/zf7/1/32/1f4e6.png,566
https://static.xx.fbcdn.net/images/emoji.php/v8/z27/1/32/1f4ef.png,567
https://static.xx.fbcdn.net/images/emoji.php/v8/z76/1/32/1f4e5.png,568
https://static.xx.fbcdn.net/images/emoji.php/v8/zf5/1/32/1f4e4.png,569
https://static.xx.fbcdn.net/images/emoji.php/v8/z5/1/32/1f4dc.png,570
https://static.xx.fbcdn.net/images/emoji.php/v8/z36/1/32/1f4c3.png,571
https://static.xx.fbcdn.net/images/emoji.php/v8/zd3/1/32/1f4d1.png,572
https://static.xx.fbcdn.net/images/emoji.php/v8/z64/1/32/1f4ca.png,573
https://static.xx.fbcdn.net/images/emoji.php/v8/zbb/1/32/1f4c8.png,574
https://static.xx.fbcdn.net/images/emoji.php/v8/z3c/1/32/1f4c9.png,575
https://static.xx.fbcdn.net/images/emoji.php/v8/zb7/1/32/1f4c4.png,576
https://static.xx.fbcdn.net/images/emoji.php/v8/z38/1/32/1f4c5.png,577
https://static.xx.fbcdn.net/images/emoji.php/v8/zb9/1/32/1f4c6.png,578
https://static.xx.fbcdn.net/images/emoji.php/v8/z3a/1/32/1f4c7.png,579
https://static.xx.fbcdn.net/images/emoji.php/v8/ze5/1/32/1f4cb.png,580
https://static.xx.fbcdn.net/images/emoji.php/v8/z34/1/32/1f4c1.png,581
https://static.xx.fbcdn.net/images/emoji.php/v8/zb5/1/32/1f4c2.png,582
https://static.xx.fbcdn.net/images/emoji.php/v8/z90/1/32/1f4f0.png,583
https://static.xx.fbcdn.net/images/emoji.php/v8/zd5/1/32/1f4d3.png,584
https://static.xx.fbcdn.net/images/emoji.php/v8/zd7/1/32/1f4d5.png,585
https://static.xx.fbcdn.net/images/emoji.php/v8/zd9/1/32/1f4d7.png,586
https://static.xx.fbcdn.net/images/emoji.php/v8/z5a/1/32/1f4d8.png,587
https://static.xx.fbcdn.net/images/emoji.php/v8/zdb/1/32/1f4d9.png,588
https://static.xx.fbcdn.net/images/emoji.php/v8/z56/1/32/1f4d4.png,589
https://static.xx.fbcdn.net/images/emoji.php/v8/z54/1/32/1f4d2.png,590
https://static.xx.fbcdn.net/images/emoji.php/v8/z3/1/32/1f4da.png,591
https://static.xx.fbcdn.net/images/emoji.php/v8/z58/1/32/1f4d6.png,592
https://static.xx.fbcdn.net/images/emoji.php/v8/z6d/1/32/1f517.png,593
https://static.xx.fbcdn.net/images/emoji.php/v8/z68/1/32/1f4ce.png,594
https://static.xx.fbcdn.net/images/emoji.php/v8/zb6/1/32/2702.png,595
https://static.xx.fbcdn.net/images/emoji.php/v8/z52/1/32/1f4d0.png,596
https://static.xx.fbcdn.net/images/emoji.php/v8/ze9/1/32/1f4cf.png,597
https://static.xx.fbcdn.net/images/emoji.php/v8/z66/1/32/1f4cc.png,598
https://static.xx.fbcdn.net/images/emoji.php/v8/ze7/1/32/1f4cd.png,599
https://static.xx.fbcdn.net/images/emoji.php/v8/z80/1/32/1f6a9.png,600
https://static.xx.fbcdn.net/images/emoji.php/v8/ze6/1/32/1f510.png,601
https://static.xx.fbcdn.net/images/emoji.php/v8/ze8/1/32/1f512.png,602
https://static.xx.fbcdn.net/images/emoji.php/v8/z69/1/32/1f513.png,603
https://static.xx.fbcdn.net/images/emoji.php/v8/z7d/1/32/1f50f.png,604
https://static.xx.fbcdn.net/images/emoji.php/v8/z55/1/32/2712.png,605
https://static.xx.fbcdn.net/images/emoji.php/v8/z86/1/32/1f4dd.png,606
https://static.xx.fbcdn.net/images/emoji.php/v8/zea/1/32/270f.png,607
https://static.xx.fbcdn.net/images/emoji.php/v8/z7b/1/32/1f50d.png,608
https://static.xx.fbcdn.net/images/emoji.php/v8/zfc/1/32/1f50e.png,609
https://static.xx.fbcdn.net/images/emoji.php/v8/z72/1/32/2764.png,610
https://static.xx.fbcdn.net/images/emoji.php/v8/zcf/1/32/1f49b.png,611
https://static.xx.fbcdn.net/images/emoji.php/v8/z4e/1/32/1f49a.png,612
https://static.xx.fbcdn.net/images/emoji.php/v8/z26/1/32/1f499.png,613
https://static.xx.fbcdn.net/images/emoji.php/v8/za1/1/32/1f494.png,614
https://static.xx.fbcdn.net/images/emoji.php/v8/z50/1/32/1f49c.png,615
https://static.xx.fbcdn.net/images/emoji.php/v8/z22/1/32/1f495.png,616
https://static.xx.fbcdn.net/images/emoji.php/v8/z20/1/32/1f493.png,617
https://static.xx.fbcdn.net/images/emoji.php/v8/z52/1/32/1f49e.png,618
https://static.xx.fbcdn.net/images/emoji.php/v8/z24/1/32/1f497.png,619
https://static.xx.fbcdn.net/images/emoji.php/v8/za5/1/32/1f498.png,620
https://static.xx.fbcdn.net/images/emoji.php/v8/za3/1/32/1f496.png,621
https://static.xx.fbcdn.net/images/emoji.php/v8/zd1/1/32/1f49d.png,622
https://static.xx.fbcdn.net/images/emoji.php/v8/zd3/1/32/1f49f.png,623
https://static.xx.fbcdn.net/images/emoji.php/v8/zbb/1/32/1f52f.png,624
https://static.xx.fbcdn.net/images/emoji.php/v8/zd5/1/32/26ce.png,625
https://static.xx.fbcdn.net/images/emoji.php/v8/zf7/1/32/2648.png,626
https://static.xx.fbcdn.net/images/emoji.php/v8/z78/1/32/2649.png,627
https://static.xx.fbcdn.net/images/emoji.php/v8/za0/1/32/264a.png,628
https://static.xx.fbcdn.net/images/emoji.php/v8/z21/1/32/264b.png,629
https://static.xx.fbcdn.net/images/emoji.php/v8/za2/1/32/264c.png,630
https://static.xx.fbcdn.net/images/emoji.php/v8/z23/1/32/264d.png,631
https://static.xx.fbcdn.net/images/emoji.php/v8/za4/1/32/264e.png,632
https://static.xx.fbcdn.net/images/emoji.php/v8/z25/1/32/264f.png,633
https://static.xx.fbcdn.net/images/emoji.php/v8/z8e/1/32/2650.png,634
https://static.xx.fbcdn.net/images/emoji.php/v8/zf/1/32/2651.png,635
https://static.xx.fbcdn.net/images/emoji.php/v8/z90/1/32/2652.png,636
https://static.xx.fbcdn.net/images/emoji.php/v8/z11/1/32/2653.png,637
https://static.xx.fbcdn.net/images/emoji.php/v8/zde/1/32/1f194.png,638
https://static.xx.fbcdn.net/images/emoji.php/v8/z94/1/32/1f4f4.png,639
https://static.xx.fbcdn.net/images/emoji.php/v8/z13/1/32/1f4f3.png,640
https://static.xx.fbcdn.net/images/emoji.php/v8/ze8/1/32/1f237.png,641
https://static.xx.fbcdn.net/images/emoji.php/v8/z8b/1/32/1f19a.png,642
https://static.xx.fbcdn.net/images/emoji.php/v8/z2a/1/32/1f4ae.png,643
https://static.xx.fbcdn.net/images/emoji.php/v8/z9c/1/32/1f170.png,644
https://static.xx.fbcdn.net/images/emoji.php/v8/z1d/1/32/1f171.png,645
https://static.xx.fbcdn.net/images/emoji.php/v8/zf0/1/32/1f18e.png,646
https://static.xx.fbcdn.net/images/emoji.php/v8/z5b/1/32/1f191.png,647
https://static.xx.fbcdn.net/images/emoji.php/v8/z51/1/32/1f17e.png,648
https://static.xx.fbcdn.net/images/emoji.php/v8/ze2/1/32/1f198.png,649
https://static.xx.fbcdn.net/images/emoji.php/v8/zc3/1/32/26d4.png,650
https://static.xx.fbcdn.net/images/emoji.php/v8/z84/1/32/1f4db.png,651
https://static.xx.fbcdn.net/images/emoji.php/v8/z29/1/32/1f6ab.png,652
https://static.xx.fbcdn.net/images/emoji.php/v8/ze3/1/32/274c.png,653
https://static.xx.fbcdn.net/images/emoji.php/v8/z3f/1/32/2b55.png,654
https://static.xx.fbcdn.net/images/emoji.php/v8/z77/1/32/1f4a2.png,655
https://static.xx.fbcdn.net/images/emoji.php/v8/z35/1/32/2668.png,656
https://static.xx.fbcdn.net/images/emoji.php/v8/z1d/1/32/1f6b7.png,657
https://static.xx.fbcdn.net/images/emoji.php/v8/z2d/1/32/1f6af.png,658
https://static.xx.fbcdn.net/images/emoji.php/v8/z19/1/32/1f6b3.png,659
https://static.xx.fbcdn.net/images/emoji.php/v8/z17/1/32/1f6b1.png,660
https://static.xx.fbcdn.net/images/emoji.php/v8/z9b/1/32/1f51e.png,661
https://static.xx.fbcdn.net/images/emoji.php/v8/z15/1/32/1f4f5.png,662
https://static.xx.fbcdn.net/images/emoji.php/v8/z56/1/32/2757.png,663
https://static.xx.fbcdn.net/images/emoji.php/v8/z54/1/32/2755.png,664
https://static.xx.fbcdn.net/images/emoji.php/v8/z52/1/32/2753.png,665
https://static.xx.fbcdn.net/images/emoji.php/v8/zd3/1/32/2754.png,666
https://static.xx.fbcdn.net/images/emoji.php/v8/z7d/1/32/203c.png,667
https://static.xx.fbcdn.net/images/emoji.php/v8/zf2/1/32/2049.png,668
https://static.xx.fbcdn.net/images/emoji.php/v8/zab/1/32/1f4af.png,669
https://static.xx.fbcdn.net/images/emoji.php/v8/zcc/1/32/1f505.png,670
https://static.xx.fbcdn.net/images/emoji.php/v8/z4d/1/32/1f506.png,671
https://static.xx.fbcdn.net/images/emoji.php/v8/za5/1/32/1f531.png,672
https://static.xx.fbcdn.net/images/emoji.php/v8/zdd/1/32/303d.png,673
https://static.xx.fbcdn.net/images/emoji.php/v8/ze2/1/32/26a0.png,674
https://static.xx.fbcdn.net/images/emoji.php/v8/z9e/1/32/1f6b8.png,675
https://static.xx.fbcdn.net/images/emoji.php/v8/z24/1/32/1f530.png,676
https://static.xx.fbcdn.net/images/emoji.php/v8/zf8/1/32/1f22f.png,677
https://static.xx.fbcdn.net/images/emoji.php/v8/z9d/1/32/1f4b9.png,678
https://static.xx.fbcdn.net/images/emoji.php/v8/z14/1/32/2733.png,679
https://static.xx.fbcdn.net/images/emoji.php/v8/ze5/1/32/274e.png,680
https://static.xx.fbcdn.net/images/emoji.php/v8/z39/1/32/2705.png,681
https://static.xx.fbcdn.net/images/emoji.php/v8/z75/1/32/1f4a0.png,682
https://static.xx.fbcdn.net/images/emoji.php/v8/zc5/1/32/1f300.png,683
https://static.xx.fbcdn.net/images/emoji.php/v8/z64/1/32/1f310.png,684
https://static.xx.fbcdn.net/images/emoji.php/v8/za0/1/32/24c2.png,685
https://static.xx.fbcdn.net/images/emoji.php/v8/z37/1/32/1f3e7.png,686
https://static.xx.fbcdn.net/images/emoji.php/v8/z86/1/32/1f202.png,687
https://static.xx.fbcdn.net/images/emoji.php/v8/z37/1/32/1f6c2.png,688
https://static.xx.fbcdn.net/images/emoji.php/v8/zb8/1/32/1f6c3.png,689
https://static.xx.fbcdn.net/images/emoji.php/v8/z39/1/32/1f6c4.png,690
https://static.xx.fbcdn.net/images/emoji.php/v8/zba/1/32/1f6c5.png,691
https://static.xx.fbcdn.net/images/emoji.php/v8/z2/1/32/267f.png,692
https://static.xx.fbcdn.net/images/emoji.php/v8/z2b/1/32/1f6ad.png,693
https://static.xx.fbcdn.net/images/emoji.php/v8/z4b/1/32/1f6be.png,694
https://static.xx.fbcdn.net/images/emoji.php/v8/z95/1/32/2734.png,695
https://static.xx.fbcdn.net/images/emoji.php/v8/zd2/1/32/1f17f.png,696
https://static.xx.fbcdn.net/images/emoji.php/v8/z96/1/32/1f6b0.png,697
https://static.xx.fbcdn.net/images/emoji.php/v8/z1f/1/32/1f6b9.png,698
https://static.xx.fbcdn.net/images/emoji.php/v8/z47/1/32/1f6ba.png,699
https://static.xx.fbcdn.net/images/emoji.php/v8/z49/1/32/1f6bc.png,700
https://static.xx.fbcdn.net/images/emoji.php/v8/zc8/1/32/1f6bb.png,701
https://static.xx.fbcdn.net/images/emoji.php/v8/zac/1/32/1f6ae.png,702
https://static.xx.fbcdn.net/images/emoji.php/v8/z3a/1/32/1f3a6.png,703
https://static.xx.fbcdn.net/images/emoji.php/v8/z96/1/32/1f4f6.png,704
https://static.xx.fbcdn.net/images/emoji.php/v8/z5/1/32/1f201.png,705
https://static.xx.fbcdn.net/images/emoji.php/v8/ze0/1/32/1f196.png,706
https://static.xx.fbcdn.net/images/emoji.php/v8/zfe/1/32/267b.png,707
https://static.xx.fbcdn.net/images/emoji.php/v8/z61/1/32/1f197.png,708
https://static.xx.fbcdn.net/images/emoji.php/v8/zdc/1/32/1f192.png,709
https://static.xx.fbcdn.net/images/emoji.php/v8/z5f/1/32/1f195.png,711
https://static.xx.fbcdn.net/images/emoji.php/v8/z5d/1/32/1f193.png,712
https://static.xx.fbcdn.net/images/emoji.php/v8/z31/1/32/23_20e3.png,713
https://static.xx.fbcdn.net/images/emoji.php/v8/z95/1/32/30_20e3.png,714
https://static.xx.fbcdn.net/images/emoji.php/v8/zb4/1/32/31_20e3.png,715
https://static.xx.fbcdn.net/images/emoji.php/v8/zd3/1/32/32_20e3.png,716
https://static.xx.fbcdn.net/images/emoji.php/v8/zf2/1/32/33_20e3.png,717
https://static.xx.fbcdn.net/images/emoji.php/v8/z11/1/32/34_20e3.png,718
https://static.xx.fbcdn.net/images/emoji.php/v8/z30/1/32/35_20e3.png,719
https://static.xx.fbcdn.net/images/emoji.php/v8/z4f/1/32/36_20e3.png,720
https://static.xx.fbcdn.net/images/emoji.php/v8/z6e/1/32/37_20e3.png,721
https://static.xx.fbcdn.net/images/emoji.php/v8/z8d/1/32/38_20e3.png,722
https://static.xx.fbcdn.net/images/emoji.php/v8/zac/1/32/39_20e3.png,723
https://static.xx.fbcdn.net/images/emoji.php/v8/z1c/1/32/1f51f.png,724
https://static.xx.fbcdn.net/images/emoji.php/v8/z87/1/32/1f522.png,725
https://static.xx.fbcdn.net/images/emoji.php/v8/z46/1/32/25b6.png,726
https://static.xx.fbcdn.net/images/emoji.php/v8/z4c/1/32/23ea.png,727
https://static.xx.fbcdn.net/images/emoji.php/v8/z47/1/32/1f500.png,728
https://static.xx.fbcdn.net/images/emoji.php/v8/zc8/1/32/1f501.png,729
https://static.xx.fbcdn.net/images/emoji.php/v8/z24/1/32/23e9.png,730
https://static.xx.fbcdn.net/images/emoji.php/v8/z49/1/32/1f502.png,731
https://static.xx.fbcdn.net/images/emoji.php/v8/zdf/1/32/25c0.png,732
https://static.xx.fbcdn.net/images/emoji.php/v8/zd7/1/32/1f53c.png,733
https://static.xx.fbcdn.net/images/emoji.php/v8/z58/1/32/1f53d.png,734
https://static.xx.fbcdn.net/images/emoji.php/v8/zcd/1/32/23eb.png,735
https://static.xx.fbcdn.net/images/emoji.php/v8/z4e/1/32/23ec.png,736
https://static.xx.fbcdn.net/images/emoji.php/v8/z63/1/32/1f199.png,737
https://static.xx.fbcdn.net/images/emoji.php/v8/za4/1/32/27a1.png,738
https://static.xx.fbcdn.net/images/emoji.php/v8/z24/1/32/2b05.png,739
https://static.xx.fbcdn.net/images/emoji.php/v8/za5/1/32/2b06.png,740
https://static.xx.fbcdn.net/images/emoji.php/v8/z26/1/32/2b07.png,741
https://static.xx.fbcdn.net/images/emoji.php/v8/z4c/1/32/2197.png,742
https://static.xx.fbcdn.net/images/emoji.php/v8/zcd/1/32/2198.png,743
https://static.xx.fbcdn.net/images/emoji.php/v8/z4e/1/32/2199.png,744
https://static.xx.fbcdn.net/images/emoji.php/v8/zcb/1/32/2196.png,745
https://static.xx.fbcdn.net/images/emoji.php/v8/zc9/1/32/2194.png,746
https://static.xx.fbcdn.net/images/emoji.php/v8/z4e/1/32/21aa.png,747
https://static.xx.fbcdn.net/images/emoji.php/v8/z4b/1/32/1f504.png,748
https://static.xx.fbcdn.net/images/emoji.php/v8/z26/1/32/21a9.png,749
https://static.xx.fbcdn.net/images/emoji.php/v8/z17/1/32/2934.png,750
https://static.xx.fbcdn.net/images/emoji.php/v8/z98/1/32/2935.png,751
https://static.xx.fbcdn.net/images/emoji.php/v8/z94/1/32/2139.png,752
https://static.xx.fbcdn.net/images/emoji.php/v8/z4a/1/32/2195.png,753
https://static.xx.fbcdn.net/images/emoji.php/v8/z89/1/32/1f524.png,754
https://static.xx.fbcdn.net/images/emoji.php/v8/z6/1/32/1f521.png,755
https://static.xx.fbcdn.net/images/emoji.php/v8/z85/1/32/1f520.png,756
https://static.xx.fbcdn.net/images/emoji.php/v8/z8/1/32/1f523.png,757
https://static.xx.fbcdn.net/images/emoji.php/v8/z58/1/32/1f3b5.png,758
https://static.xx.fbcdn.net/images/emoji.php/v8/zd9/1/32/1f3b6.png,759
https://static.xx.fbcdn.net/images/emoji.php/v8/za9/1/32/3030.png,760
https://static.xx.fbcdn.net/images/emoji.php/v8/zf8/1/32/27bf.png,761
https://static.xx.fbcdn.net/images/emoji.php/v8/z57/1/32/2714.png,762
https://static.xx.fbcdn.net/images/emoji.php/v8/zca/1/32/1f503.png,763
https://static.xx.fbcdn.net/images/emoji.php/v8/zd0/1/32/2795.png,764
https://static.xx.fbcdn.net/images/emoji.php/v8/z51/1/32/2796.png,765
https://static.xx.fbcdn.net/images/emoji.php/v8/zd2/1/32/2797.png,766
https://static.xx.fbcdn.net/images/emoji.php/v8/z59/1/32/2716.png,767
https://static.xx.fbcdn.net/images/emoji.php/v8/zc2/1/32/27b0.png,768
https://static.xx.fbcdn.net/images/emoji.php/v8/z16/1/32/1f4b2.png,769
https://static.xx.fbcdn.net/images/emoji.php/v8/z95/1/32/1f4b1.png,770
https://static.xx.fbcdn.net/images/emoji.php/v8/z27/1/32/a9.png,771
https://static.xx.fbcdn.net/images/emoji.php/v8/z53/1/32/ae.png,772
https://static.xx.fbcdn.net/images/emoji.php/v8/z6e/1/32/2122.png,773
https://static.xx.fbcdn.net/images/emoji.php/v8/z97/1/32/1f51a.png,774
https://static.xx.fbcdn.net/images/emoji.php/v8/z6f/1/32/1f519.png,775
https://static.xx.fbcdn.net/images/emoji.php/v8/z18/1/32/1f51b.png,776
https://static.xx.fbcdn.net/images/emoji.php/v8/z1a/1/32/1f51d.png,777
https://static.xx.fbcdn.net/images/emoji.php/v8/z99/1/32/1f51c.png,778
https://static.xx.fbcdn.net/images/emoji.php/v8/z93/1/32/2611.png,779
https://static.xx.fbcdn.net/images/emoji.php/v8/zee/1/32/1f518.png,780
https://static.xx.fbcdn.net/images/emoji.php/v8/z93/1/32/26aa.png,781
https://static.xx.fbcdn.net/images/emoji.php/v8/z14/1/32/26ab.png,782
https://static.xx.fbcdn.net/images/emoji.php/v8/z28/1/32/1f534.png,783
https://static.xx.fbcdn.net/images/emoji.php/v8/za9/1/32/1f535.png,784
https://static.xx.fbcdn.net/images/emoji.php/v8/zad/1/32/1f539.png,785
https://static.xx.fbcdn.net/images/emoji.php/v8/z2c/1/32/1f538.png,786
https://static.xx.fbcdn.net/images/emoji.php/v8/z2a/1/32/1f536.png,787
https://static.xx.fbcdn.net/images/emoji.php/v8/zab/1/32/1f537.png,788
https://static.xx.fbcdn.net/images/emoji.php/v8/zd5/1/32/1f53a.png,789
https://static.xx.fbcdn.net/images/emoji.php/v8/z52/1/32/25aa.png,790
https://static.xx.fbcdn.net/images/emoji.php/v8/zd3/1/32/25ab.png,791
https://static.xx.fbcdn.net/images/emoji.php/v8/z6f/1/32/25fc.png,792
https://static.xx.fbcdn.net/images/emoji.php/v8/zee/1/32/25fb.png,793
https://static.xx.fbcdn.net/images/emoji.php/v8/z56/1/32/1f53b.png,794
https://static.xx.fbcdn.net/images/emoji.php/v8/z70/1/32/2b1b.png,795
https://static.xx.fbcdn.net/images/emoji.php/v8/zf1/1/32/2b1c.png,796
https://static.xx.fbcdn.net/images/emoji.php/v8/z71/1/32/25fe.png,797
https://static.xx.fbcdn.net/images/emoji.php/v8/zf0/1/32/25fd.png,798
https://static.xx.fbcdn.net/images/emoji.php/v8/z26/1/32/1f532.png,799
https://static.xx.fbcdn.net/images/emoji.php/v8/za7/1/32/1f533.png,800
https://static.xx.fbcdn.net/images/emoji.php/v8/z4f/1/32/1f508.png,801
https://static.xx.fbcdn.net/images/emoji.php/v8/zd0/1/32/1f509.png,802
https://static.xx.fbcdn.net/images/emoji.php/v8/zf8/1/32/1f50a.png,803
https://static.xx.fbcdn.net/images/emoji.php/v8/zce/1/32/1f507.png,804
https://static.xx.fbcdn.net/images/emoji.php/v8/z74/1/32/1f4e3.png,805
https://static.xx.fbcdn.net/images/emoji.php/v8/zf3/1/32/1f4e2.png,806
https://static.xx.fbcdn.net/images/emoji.php/v8/zea/1/32/1f514.png,807
https://static.xx.fbcdn.net/images/emoji.php/v8/z6/1/32/1f004.png,808
https://static.xx.fbcdn.net/images/emoji.php/v8/z6b/1/32/1f515.png,809
https://static.xx.fbcdn.net/images/emoji.php/v8/ze5/1/32/1f0cf.png,810
https://static.xx.fbcdn.net/images/emoji.php/v8/z2d/1/32/2660.png,811
https://static.xx.fbcdn.net/images/emoji.php/v8/zb0/1/32/2663.png,812
https://static.xx.fbcdn.net/images/emoji.php/v8/zb2/1/32/2665.png,813
https://static.xx.fbcdn.net/images/emoji.php/v8/z33/1/32/2666.png,814
https://static.xx.fbcdn.net/images/emoji.php/v8/zd7/1/32/1f3b4.png,815
https://static.xx.fbcdn.net/images/emoji.php/v8/za9/1/32/1f4ad.png,816
https://static.xx.fbcdn.net/images/emoji.php/v8/z28/1/32/1f4ac.png,817
https://static.xx.fbcdn.net/images/emoji.php/v8/z62/1/32/1f550.png,818
https://static.xx.fbcdn.net/images/emoji.php/v8/ze3/1/32/1f551.png,819
https://static.xx.fbcdn.net/images/emoji.php/v8/z64/1/32/1f552.png,820
https://static.xx.fbcdn.net/images/emoji.php/v8/ze5/1/32/1f553.png,821
https://static.xx.fbcdn.net/images/emoji.php/v8/z66/1/32/1f554.png,822
https://static.xx.fbcdn.net/images/emoji.php/v8/ze7/1/32/1f555.png,823
https://static.xx.fbcdn.net/images/emoji.php/v8/z68/1/32/1f556.png,824
https://static.xx.fbcdn.net/images/emoji.php/v8/ze9/1/32/1f557.png,825
https://static.xx.fbcdn.net/images/emoji.php/v8/z6a/1/32/1f558.png,826
https://static.xx.fbcdn.net/images/emoji.php/v8/zeb/1/32/1f559.png,827
https://static.xx.fbcdn.net/images/emoji.php/v8/z13/1/32/1f55a.png,828
https://static.xx.fbcdn.net/images/emoji.php/v8/z94/1/32/1f55b.png,829
https://static.xx.fbcdn.net/images/emoji.php/v8/z15/1/32/1f55c.png,830
https://static.xx.fbcdn.net/images/emoji.php/v8/z96/1/32/1f55d.png,831
https://static.xx.fbcdn.net/images/emoji.php/v8/z17/1/32/1f55e.png,832
https://static.xx.fbcdn.net/images/emoji.php/v8/z98/1/32/1f55f.png,833
https://static.xx.fbcdn.net/images/emoji.php/v8/z1/1/32/1f560.png,834
https://static.xx.fbcdn.net/images/emoji.php/v8/z82/1/32/1f561.png,835
https://static.xx.fbcdn.net/images/emoji.php/v8/z3/1/32/1f562.png,836
https://static.xx.fbcdn.net/images/emoji.php/v8/z84/1/32/1f563.png,837
https://static.xx.fbcdn.net/images/emoji.php/v8/z5/1/32/1f564.png,838
https://static.xx.fbcdn.net/images/emoji.php/v8/z86/1/32/1f565.png,839
https://static.xx.fbcdn.net/images/emoji.php/v8/z7/1/32/1f566.png,840
https://static.xx.fbcdn.net/images/emoji.php/v8/z88/1/32/1f567.png,841
https://static.xx.fbcdn.net/images/emoji.php/v8/z67/1/32/1f236.png,842
https://static.xx.fbcdn.net/images/emoji.php/v8/z9f/1/32/1f250.png,843
https://static.xx.fbcdn.net/images/emoji.php/v8/zea/1/32/1f239.png,844
https://static.xx.fbcdn.net/images/emoji.php/v8/zd4/1/32/1f21a.png,845
https://static.xx.fbcdn.net/images/emoji.php/v8/z63/1/32/1f232.png,846
https://static.xx.fbcdn.net/images/emoji.php/v8/z20/1/32/1f251.png,847
https://static.xx.fbcdn.net/images/emoji.php/v8/z69/1/32/1f238.png,848
https://static.xx.fbcdn.net/images/emoji.php/v8/z65/1/32/1f234.png,849
https://static.xx.fbcdn.net/images/emoji.php/v8/ze4/1/32/1f233.png,850
https://static.xx.fbcdn.net/images/emoji.php/v8/z6c/1/32/3297.png,851
https://static.xx.fbcdn.net/images/emoji.php/v8/z6e/1/32/3299.png,852
https://static.xx.fbcdn.net/images/emoji.php/v8/z12/1/32/1f23a.png,853
https://static.xx.fbcdn.net/images/emoji.php/v8/ze6/1/32/1f235.png,854
https://static.xx.fbcdn.net/images/emoji.php/v8/zcd/1/32/1f1fa_1f1f8.png,855
https://static.xx.fbcdn.net/images/emoji.php/v8/zd/1/32/1f1e6_1f1ea.png,856
https://static.xx.fbcdn.net/images/emoji.php/v8/z9/1/32/1f1fb_1f1f3.png,857
https://static.xx.fbcdn.net/images/emoji.php/v8/z84/1/32/1f1e6_1f1f9.png,858
https://static.xx.fbcdn.net/images/emoji.php/v8/zac/1/32/1f1e6_1f1fa.png,859
https://static.xx.fbcdn.net/images/emoji.php/v8/zf1/1/32/1f1ff_1f1e6.png,860
https://static.xx.fbcdn.net/images/emoji.php/v8/zce/1/32/1f1e7_1f1ea.png,861
https://static.xx.fbcdn.net/images/emoji.php/v8/z43/1/32/1f1e7_1f1f7.png,862
https://static.xx.fbcdn.net/images/emoji.php/v8/ze4/1/32/1f1e8_1f1e6.png,863
https://static.xx.fbcdn.net/images/emoji.php/v8/z12/1/32/1f1e8_1f1ed.png,864
https://static.xx.fbcdn.net/images/emoji.php/v8/zfe/1/32/1f1e8_1f1f1.png,865
https://static.xx.fbcdn.net/images/emoji.php/v8/z0/1/32/1f1e8_1f1f3.png,866
https://static.xx.fbcdn.net/images/emoji.php/v8/z81/1/32/1f1e8_1f1f4.png,867
https://static.xx.fbcdn.net/images/emoji.php/v8/z50/1/32/1f1e9_1f1ea.png,868
https://static.xx.fbcdn.net/images/emoji.php/v8/z3e/1/32/1f1e9_1f1f0.png,869
https://static.xx.fbcdn.net/images/emoji.php/v8/z6e/1/32/1f1ea_1f1f8.png,870
https://static.xx.fbcdn.net/images/emoji.php/v8/z3d/1/32/1f1eb_1f1ee.png,871
https://static.xx.fbcdn.net/images/emoji.php/v8/zae/1/32/1f1eb_1f1f7.png,872
https://static.xx.fbcdn.net/images/emoji.php/v8/zd0/1/32/1f1ec_1f1e7.png,873
https://static.xx.fbcdn.net/images/emoji.php/v8/za9/1/32/1f1ed_1f1f0.png,874
https://static.xx.fbcdn.net/images/emoji.php/v8/z54/1/32/1f1ee_1f1e9.png,875
https://static.xx.fbcdn.net/images/emoji.php/v8/z7c/1/32/1f1ee_1f1ea.png,876
https://static.xx.fbcdn.net/images/emoji.php/v8/zeb/1/32/1f1ee_1f1f1.png,877
https://static.xx.fbcdn.net/images/emoji.php/v8/zed/1/32/1f1ee_1f1f3.png,878
https://static.xx.fbcdn.net/images/emoji.php/v8/zf3/1/32/1f1ee_1f1f9.png,879
https://static.xx.fbcdn.net/images/emoji.php/v8/zb0/1/32/1f1ef_1f1f5.png,880
https://static.xx.fbcdn.net/images/emoji.php/v8/z5b/1/32/1f1f0_1f1f7.png,881
https://static.xx.fbcdn.net/images/emoji.php/v8/z5a/1/32/1f1f2_1f1f4.png,882
https://static.xx.fbcdn.net/images/emoji.php/v8/z8a/1/32/1f1f2_1f1fd.png,883
https://static.xx.fbcdn.net/images/emoji.php/v8/zb/1/32/1f1f2_1f1fe.png,884
https://static.xx.fbcdn.net/images/emoji.php/v8/z98/1/32/1f1f3_1f1f1.png,885
https://static.xx.fbcdn.net/images/emoji.php/v8/z1b/1/32/1f1f3_1f1f4.png,886
https://static.xx.fbcdn.net/images/emoji.php/v8/z4d/1/32/1f1f3_1f1ff.png,887
https://static.xx.fbcdn.net/images/emoji.php/v8/z2e/1/32/1f1f5_1f1ed.png,888
https://static.xx.fbcdn.net/images/emoji.php/v8/z1a/1/32/1f1f5_1f1f1.png,889
https://static.xx.fbcdn.net/images/emoji.php/v8/z20/1/32/1f1f5_1f1f7.png,890
https://static.xx.fbcdn.net/images/emoji.php/v8/z22/1/32/1f1f5_1f1f9.png,891
https://static.xx.fbcdn.net/images/emoji.php/v8/zcc/1/32/1f1f7_1f1fa.png,892
https://static.xx.fbcdn.net/images/emoji.php/v8/z43/1/32/1f1f8_1f1e6.png,893
https://static.xx.fbcdn.net/images/emoji.php/v8/zee/1/32/1f1f8_1f1ea.png,894
https://static.xx.fbcdn.net/images/emoji.php/v8/zf0/1/32/1f1f8_1f1ec.png,895
https://static.xx.fbcdn.net/images/emoji.php/v8/z24/1/32/1f1f9_1f1f7.png,896
https://static.xx.fbcdn.net/images/emoji.php/v8/zb7/1/32/1f64c.png,897
https://static.xx.fbcdn.net/images/emoji.php/v8/zf2/1/32/1f64c_1f3fb.png,898
https://static.xx.fbcdn.net/images/emoji.php/v8/z73/1/32/1f64c_1f3fc.png,899
https://static.xx.fbcdn.net/images/emoji.php/v8/zf4/1/32/1f64c_1f3fd.png,900
https://static.xx.fbcdn.net/images/emoji.php/v8/z75/1/32/1f64c_1f3fe.png,901
https://static.xx.fbcdn.net/images/emoji.php/v8/zf6/1/32/1f64c_1f3ff.png,902
https://static.xx.fbcdn.net/images/emoji.php/v8/zb8/1/32/1f44f.png,903
https://static.xx.fbcdn.net/images/emoji.php/v8/z33/1/32/1f44f_1f3fb.png,904
https://static.xx.fbcdn.net/images/emoji.php/v8/zb4/1/32/1f44f_1f3fc.png,905
https://static.xx.fbcdn.net/images/emoji.php/v8/z35/1/32/1f44f_1f3fd.png,906
https://static.xx.fbcdn.net/images/emoji.php/v8/zb6/1/32/1f44f_1f3fe.png,907
https://static.xx.fbcdn.net/images/emoji.php/v8/z37/1/32/1f44f_1f3ff.png,908
https://static.xx.fbcdn.net/images/emoji.php/v8/zb4/1/32/1f44b.png,909
https://static.xx.fbcdn.net/images/emoji.php/v8/z2f/1/32/1f44b_1f3fb.png,910
https://static.xx.fbcdn.net/images/emoji.php/v8/zb0/1/32/1f44b_1f3fc.png,911
https://static.xx.fbcdn.net/images/emoji.php/v8/z31/1/32/1f44b_1f3fd.png,912
https://static.xx.fbcdn.net/images/emoji.php/v8/zb2/1/32/1f44b_1f3fe.png,913
https://static.xx.fbcdn.net/images/emoji.php/v8/z33/1/32/1f44b_1f3ff.png,914
https://static.xx.fbcdn.net/images/emoji.php/v8/zb6/1/32/1f44d.png,915
https://static.xx.fbcdn.net/images/emoji.php/v8/zb1/1/32/1f44d_1f3fb.png,916
https://static.xx.fbcdn.net/images/emoji.php/v8/z32/1/32/1f44d_1f3fc.png,917
https://static.xx.fbcdn.net/images/emoji.php/v8/zb3/1/32/1f44d_1f3fd.png,918
https://static.xx.fbcdn.net/images/emoji.php/v8/z34/1/32/1f44d_1f3fe.png,919
https://static.xx.fbcdn.net/images/emoji.php/v8/zb5/1/32/1f44d_1f3ff.png,920
https://static.xx.fbcdn.net/images/emoji.php/v8/z37/1/32/1f44e.png,921
https://static.xx.fbcdn.net/images/emoji.php/v8/z72/1/32/1f44e_1f3fb.png,922
https://static.xx.fbcdn.net/images/emoji.php/v8/zf3/1/32/1f44e_1f3fc.png,923
https://static.xx.fbcdn.net/images/emoji.php/v8/z74/1/32/1f44e_1f3fd.png,924
https://static.xx.fbcdn.net/images/emoji.php/v8/zf5/1/32/1f44e_1f3fe.png,925
https://static.xx.fbcdn.net/images/emoji.php/v8/z76/1/32/1f44e_1f3ff.png,926
https://static.xx.fbcdn.net/images/emoji.php/v8/z33/1/32/1f44a.png,927
https://static.xx.fbcdn.net/images/emoji.php/v8/z6e/1/32/1f44a_1f3fb.png,928
https://static.xx.fbcdn.net/images/emoji.php/v8/zef/1/32/1f44a_1f3fc.png,929
https://static.xx.fbcdn.net/images/emoji.php/v8/z70/1/32/1f44a_1f3fd.png,930
https://static.xx.fbcdn.net/images/emoji.php/v8/zf1/1/32/1f44a_1f3fe.png,931
https://static.xx.fbcdn.net/images/emoji.php/v8/z72/1/32/1f44a_1f3ff.png,932
https://static.xx.fbcdn.net/images/emoji.php/v8/z65/1/32/270a.png,933
https://static.xx.fbcdn.net/images/emoji.php/v8/z20/1/32/270a_1f3fb.png,934
https://static.xx.fbcdn.net/images/emoji.php/v8/za1/1/32/270a_1f3fc.png,935
https://static.xx.fbcdn.net/images/emoji.php/v8/z22/1/32/270a_1f3fd.png,936
https://static.xx.fbcdn.net/images/emoji.php/v8/za3/1/32/270a_1f3fe.png,937
https://static.xx.fbcdn.net/images/emoji.php/v8/z24/1/32/270a_1f3ff.png,938
https://static.xx.fbcdn.net/images/emoji.php/v8/z67/1/32/270c.png,939
https://static.xx.fbcdn.net/images/emoji.php/v8/za2/1/32/270c_1f3fb.png,940
https://static.xx.fbcdn.net/images/emoji.php/v8/z23/1/32/270c_1f3fc.png,941
https://static.xx.fbcdn.net/images/emoji.php/v8/za4/1/32/270c_1f3fd.png,942
https://static.xx.fbcdn.net/images/emoji.php/v8/z25/1/32/270c_1f3fe.png,943
https://static.xx.fbcdn.net/images/emoji.php/v8/za6/1/32/270c_1f3ff.png,944
https://static.xx.fbcdn.net/images/emoji.php/v8/z35/1/32/1f44c.png,945
https://static.xx.fbcdn.net/images/emoji.php/v8/zf0/1/32/1f44c_1f3fb.png,946
https://static.xx.fbcdn.net/images/emoji.php/v8/z71/1/32/1f44c_1f3fc.png,947
https://static.xx.fbcdn.net/images/emoji.php/v8/zf2/1/32/1f44c_1f3fd.png,948
https://static.xx.fbcdn.net/images/emoji.php/v8/z73/1/32/1f44c_1f3fe.png,949
https://static.xx.fbcdn.net/images/emoji.php/v8/zf4/1/32/1f44c_1f3ff.png,950
https://static.xx.fbcdn.net/images/emoji.php/v8/ze6/1/32/270b.png,951
https://static.xx.fbcdn.net/images/emoji.php/v8/ze1/1/32/270b_1f3fb.png,952
https://static.xx.fbcdn.net/images/emoji.php/v8/z62/1/32/270b_1f3fc.png,953
https://static.xx.fbcdn.net/images/emoji.php/v8/ze3/1/32/270b_1f3fd.png,954
https://static.xx.fbcdn.net/images/emoji.php/v8/z64/1/32/270b_1f3fe.png,955
https://static.xx.fbcdn.net/images/emoji.php/v8/ze5/1/32/270b_1f3ff.png,956
https://static.xx.fbcdn.net/images/emoji.php/v8/z21/1/32/1f450.png,957
https://static.xx.fbcdn.net/images/emoji.php/v8/zdc/1/32/1f450_1f3fb.png,958
https://static.xx.fbcdn.net/images/emoji.php/v8/z5d/1/32/1f450_1f3fc.png,959
https://static.xx.fbcdn.net/images/emoji.php/v8/zde/1/32/1f450_1f3fd.png,960
https://static.xx.fbcdn.net/images/emoji.php/v8/z5f/1/32/1f450_1f3fe.png,961
https://static.xx.fbcdn.net/images/emoji.php/v8/ze0/1/32/1f450_1f3ff.png,962
https://static.xx.fbcdn.net/images/emoji.php/v8/z26/1/32/1f4aa.png,963
https://static.xx.fbcdn.net/images/emoji.php/v8/z21/1/32/1f4aa_1f3fb.png,964
https://static.xx.fbcdn.net/images/emoji.php/v8/za2/1/32/1f4aa_1f3fc.png,965
https://static.xx.fbcdn.net/images/emoji.php/v8/z23/1/32/1f4aa_1f3fd.png,966
https://static.xx.fbcdn.net/images/emoji.php/v8/za4/1/32/1f4aa_1f3fe.png,967
https://static.xx.fbcdn.net/images/emoji.php/v8/z25/1/32/1f4aa_1f3ff.png,968
https://static.xx.fbcdn.net/images/emoji.php/v8/z3a/1/32/1f64f.png,969
https://static.xx.fbcdn.net/images/emoji.php/v8/z35/1/32/1f64f_1f3fb.png,970
https://static.xx.fbcdn.net/images/emoji.php/v8/zb6/1/32/1f64f_1f3fc.png,971
https://static.xx.fbcdn.net/images/emoji.php/v8/z37/1/32/1f64f_1f3fd.png,972
https://static.xx.fbcdn.net/images/emoji.php/v8/zb8/1/32/1f64f_1f3fe.png,973
https://static.xx.fbcdn.net/images/emoji.php/v8/z39/1/32/1f64f_1f3ff.png,974
https://static.xx.fbcdn.net/images/emoji.php/v8/z46/1/32/261d.png,975
https://static.xx.fbcdn.net/images/emoji.php/v8/z41/1/32/261d_1f3fb.png,976
https://static.xx.fbcdn.net/images/emoji.php/v8/zc2/1/32/261d_1f3fc.png,977
https://static.xx.fbcdn.net/images/emoji.php/v8/z43/1/32/261d_1f3fd.png,978
https://static.xx.fbcdn.net/images/emoji.php/v8/zc4/1/32/261d_1f3fe.png,979
https://static.xx.fbcdn.net/images/emoji.php/v8/z45/1/32/261d_1f3ff.png,980
https://static.xx.fbcdn.net/images/emoji.php/v8/z88/1/32/1f446.png,981
https://static.xx.fbcdn.net/images/emoji.php/v8/z3/1/32/1f446_1f3fb.png,982
https://static.xx.fbcdn.net/images/emoji.php/v8/z84/1/32/1f446_1f3fc.png,983
https://static.xx.fbcdn.net/images/emoji.php/v8/z5/1/32/1f446_1f3fd.png,984
https://static.xx.fbcdn.net/images/emoji.php/v8/z86/1/32/1f446_1f3fe.png,985
https://static.xx.fbcdn.net/images/emoji.php/v8/z7/1/32/1f446_1f3ff.png,986
https://static.xx.fbcdn.net/images/emoji.php/v8/z9/1/32/1f447.png,987
https://static.xx.fbcdn.net/images/emoji.php/v8/zc4/1/32/1f447_1f3fb.png,988
https://static.xx.fbcdn.net/images/emoji.php/v8/z45/1/32/1f447_1f3fc.png,989
https://static.xx.fbcdn.net/images/emoji.php/v8/zc6/1/32/1f447_1f3fd.png,990
https://static.xx.fbcdn.net/images/emoji.php/v8/z47/1/32/1f447_1f3fe.png,991
https://static.xx.fbcdn.net/images/emoji.php/v8/zc8/1/32/1f447_1f3ff.png,992
https://static.xx.fbcdn.net/images/emoji.php/v8/z8a/1/32/1f448.png,993
https://static.xx.fbcdn.net/images/emoji.php/v8/z85/1/32/1f448_1f3fb.png,994
https://static.xx.fbcdn.net/images/emoji.php/v8/z6/1/32/1f448_1f3fc.png,995
https://static.xx.fbcdn.net/images/emoji.php/v8/z87/1/32/1f448_1f3fd.png,996
https://static.xx.fbcdn.net/images/emoji.php/v8/z8/1/32/1f448_1f3fe.png,997
https://static.xx.fbcdn.net/images/emoji.php/v8/z89/1/32/1f448_1f3ff.png,998
https://static.xx.fbcdn.net/images/emoji.php/v8/zb/1/32/1f449.png,999
https://static.xx.fbcdn.net/images/emoji.php/v8/z46/1/32/1f449_1f3fb.png,1000
https://static.xx.fbcdn.net/images/emoji.php/v8/zc7/1/32/1f449_1f3fc.png,1001
https://static.xx.fbcdn.net/images/emoji.php/v8/z48/1/32/1f449_1f3fd.png,1002
https://static.xx.fbcdn.net/images/emoji.php/v8/zc9/1/32/1f449_1f3fe.png,1003
https://static.xx.fbcdn.net/images/emoji.php/v8/z4a/1/32/1f449_1f3ff.png,1004
https://static.xx.fbcdn.net/images/emoji.php/v8/z83/1/32/1f485.png,1005
https://static.xx.fbcdn.net/images/emoji.php/v8/zbe/1/32/1f485_1f3fb.png,1006
https://static.xx.fbcdn.net/images/emoji.php/v8/z3f/1/32/1f485_1f3fc.png,1007
https://static.xx.fbcdn.net/images/emoji.php/v8/zc0/1/32/1f485_1f3fd.png,1008
https://static.xx.fbcdn.net/images/emoji.php/v8/z41/1/32/1f485_1f3fe.png,1009
https://static.xx.fbcdn.net/images/emoji.php/v8/zc2/1/32/1f485_1f3ff.png,1010
https://static.xx.fbcdn.net/images/emoji.php/v8/z84/1/32/1f442.png,1011
https://static.xx.fbcdn.net/images/emoji.php/v8/zff/1/32/1f442_1f3fb.png,1012
https://static.xx.fbcdn.net/images/emoji.php/v8/z80/1/32/1f442_1f3fc.png,1013
https://static.xx.fbcdn.net/images/emoji.php/v8/z1/1/32/1f442_1f3fd.png,1014
https://static.xx.fbcdn.net/images/emoji.php/v8/z82/1/32/1f442_1f3fe.png,1015
https://static.xx.fbcdn.net/images/emoji.php/v8/z3/1/32/1f442_1f3ff.png,1016
https://static.xx.fbcdn.net/images/emoji.php/v8/z5/1/32/1f443.png,1017
https://static.xx.fbcdn.net/images/emoji.php/v8/zc0/1/32/1f443_1f3fb.png,1018
https://static.xx.fbcdn.net/images/emoji.php/v8/z41/1/32/1f443_1f3fc.png,1019
https://static.xx.fbcdn.net/images/emoji.php/v8/zc2/1/32/1f443_1f3fd.png,1020
https://static.xx.fbcdn.net/images/emoji.php/v8/z43/1/32/1f443_1f3fe.png,1021
https://static.xx.fbcdn.net/images/emoji.php/v8/zc4/1/32/1f443_1f3ff.png,1022
https://static.xx.fbcdn.net/images/emoji.php/v8/z65/1/32/1f476.png,1023
https://static.xx.fbcdn.net/images/emoji.php/v8/z20/1/32/1f476_1f3fb.png,1024
https://static.xx.fbcdn.net/images/emoji.php/v8/za1/1/32/1f476_1f3fc.png,1025
https://static.xx.fbcdn.net/images/emoji.php/v8/z22/1/32/1f476_1f3fd.png,1026
https://static.xx.fbcdn.net/images/emoji.php/v8/za3/1/32/1f476_1f3fe.png,1027
https://static.xx.fbcdn.net/images/emoji.php/v8/z24/1/32/1f476_1f3ff.png,1028
https://static.xx.fbcdn.net/images/emoji.php/v8/zc6/1/32/1f466.png,1029
https://static.xx.fbcdn.net/images/emoji.php/v8/zc1/1/32/1f466_1f3fb.png,1030
https://static.xx.fbcdn.net/images/emoji.php/v8/z42/1/32/1f466_1f3fc.png,1031
https://static.xx.fbcdn.net/images/emoji.php/v8/zc3/1/32/1f466_1f3fd.png,1032
https://static.xx.fbcdn.net/images/emoji.php/v8/z44/1/32/1f466_1f3fe.png,1033
https://static.xx.fbcdn.net/images/emoji.php/v8/zc5/1/32/1f466_1f3ff.png,1034
https://static.xx.fbcdn.net/images/emoji.php/v8/z47/1/32/1f467.png,1035
https://static.xx.fbcdn.net/images/emoji.php/v8/z82/1/32/1f467_1f3fb.png,1036
https://static.xx.fbcdn.net/images/emoji.php/v8/z3/1/32/1f467_1f3fc.png,1037
https://static.xx.fbcdn.net/images/emoji.php/v8/z84/1/32/1f467_1f3fd.png,1038
https://static.xx.fbcdn.net/images/emoji.php/v8/z5/1/32/1f467_1f3fe.png,1039
https://static.xx.fbcdn.net/images/emoji.php/v8/z86/1/32/1f467_1f3ff.png,1040
https://static.xx.fbcdn.net/images/emoji.php/v8/zc8/1/32/1f468.png,1041
https://static.xx.fbcdn.net/images/emoji.php/v8/z43/1/32/1f468_1f3fb.png,1042
https://static.xx.fbcdn.net/images/emoji.php/v8/zc4/1/32/1f468_1f3fc.png,1043
https://static.xx.fbcdn.net/images/emoji.php/v8/z45/1/32/1f468_1f3fd.png,1044
https://static.xx.fbcdn.net/images/emoji.php/v8/zc6/1/32/1f468_1f3fe.png,1045
https://static.xx.fbcdn.net/images/emoji.php/v8/z47/1/32/1f468_1f3ff.png,1046
https://static.xx.fbcdn.net/images/emoji.php/v8/z49/1/32/1f469.png,1047
https://static.xx.fbcdn.net/images/emoji.php/v8/z4/1/32/1f469_1f3fb.png,1048
https://static.xx.fbcdn.net/images/emoji.php/v8/z85/1/32/1f469_1f3fc.png,1049
https://static.xx.fbcdn.net/images/emoji.php/v8/z6/1/32/1f469_1f3fd.png,1050
https://static.xx.fbcdn.net/images/emoji.php/v8/z87/1/32/1f469_1f3fe.png,1051
https://static.xx.fbcdn.net/images/emoji.php/v8/z8/1/32/1f469_1f3ff.png,1052
https://static.xx.fbcdn.net/images/emoji.php/v8/ze0/1/32/1f471.png,1053
https://static.xx.fbcdn.net/images/emoji.php/v8/z5b/1/32/1f471_1f3fb.png,1054
https://static.xx.fbcdn.net/images/emoji.php/v8/zdc/1/32/1f471_1f3fc.png,1055
https://static.xx.fbcdn.net/images/emoji.php/v8/z5d/1/32/1f471_1f3fd.png,1056
https://static.xx.fbcdn.net/images/emoji.php/v8/zde/1/32/1f471_1f3fe.png,1057
https://static.xx.fbcdn.net/images/emoji.php/v8/z5f/1/32/1f471_1f3ff.png,1058
https://static.xx.fbcdn.net/images/emoji.php/v8/z63/1/32/1f474.png,1059
https://static.xx.fbcdn.net/images/emoji.php/v8/z9e/1/32/1f474_1f3fb.png,1060
https://static.xx.fbcdn.net/images/emoji.php/v8/z1f/1/32/1f474_1f3fc.png,1061
https://static.xx.fbcdn.net/images/emoji.php/v8/za0/1/32/1f474_1f3fd.png,1062
https://static.xx.fbcdn.net/images/emoji.php/v8/z21/1/32/1f474_1f3fe.png,1063
https://static.xx.fbcdn.net/images/emoji.php/v8/za2/1/32/1f474_1f3ff.png,1064
https://static.xx.fbcdn.net/images/emoji.php/v8/ze4/1/32/1f475.png,1065
https://static.xx.fbcdn.net/images/emoji.php/v8/z5f/1/32/1f475_1f3fb.png,1066
https://static.xx.fbcdn.net/images/emoji.php/v8/ze0/1/32/1f475_1f3fc.png,1067
https://static.xx.fbcdn.net/images/emoji.php/v8/z61/1/32/1f475_1f3fd.png,1068
https://static.xx.fbcdn.net/images/emoji.php/v8/ze2/1/32/1f475_1f3fe.png,1069
https://static.xx.fbcdn.net/images/emoji.php/v8/z63/1/32/1f475_1f3ff.png,1070
https://static.xx.fbcdn.net/images/emoji.php/v8/z61/1/32/1f472.png,1071
https://static.xx.fbcdn.net/images/emoji.php/v8/z1c/1/32/1f472_1f3fb.png,1072
https://static.xx.fbcdn.net/images/emoji.php/v8/z9d/1/32/1f472_1f3fc.png,1073
https://static.xx.fbcdn.net/images/emoji.php/v8/z1e/1/32/1f472_1f3fd.png,1074
https://static.xx.fbcdn.net/images/emoji.php/v8/z9f/1/32/1f472_1f3fe.png,1075
https://static.xx.fbcdn.net/images/emoji.php/v8/z20/1/32/1f472_1f3ff.png,1076
https://static.xx.fbcdn.net/images/emoji.php/v8/ze2/1/32/1f473.png,1077
https://static.xx.fbcdn.net/images/emoji.php/v8/zdd/1/32/1f473_1f3fb.png,1078
https://static.xx.fbcdn.net/images/emoji.php/v8/z5e/1/32/1f473_1f3fc.png,1079
https://static.xx.fbcdn.net/images/emoji.php/v8/zdf/1/32/1f473_1f3fd.png,1080
https://static.xx.fbcdn.net/images/emoji.php/v8/z60/1/32/1f473_1f3fe.png,1081
https://static.xx.fbcdn.net/images/emoji.php/v8/ze1/1/32/1f473_1f3ff.png,1082
https://static.xx.fbcdn.net/images/emoji.php/v8/z75/1/32/1f46e.png,1083
https://static.xx.fbcdn.net/images/emoji.php/v8/z30/1/32/1f46e_1f3fb.png,1084
https://static.xx.fbcdn.net/images/emoji.php/v8/zb1/1/32/1f46e_1f3fc.png,1085
https://static.xx.fbcdn.net/images/emoji.php/v8/z32/1/32/1f46e_1f3fd.png,1086
https://static.xx.fbcdn.net/images/emoji.php/v8/zb3/1/32/1f46e_1f3fe.png,1087
https://static.xx.fbcdn.net/images/emoji.php/v8/z34/1/32/1f46e_1f3ff.png,1088
https://static.xx.fbcdn.net/images/emoji.php/v8/ze6/1/32/1f477.png,1089
https://static.xx.fbcdn.net/images/emoji.php/v8/ze1/1/32/1f477_1f3fb.png,1090
https://static.xx.fbcdn.net/images/emoji.php/v8/z62/1/32/1f477_1f3fc.png,1091
https://static.xx.fbcdn.net/images/emoji.php/v8/ze3/1/32/1f477_1f3fd.png,1092
https://static.xx.fbcdn.net/images/emoji.php/v8/z64/1/32/1f477_1f3fe.png,1093
https://static.xx.fbcdn.net/images/emoji.php/v8/ze5/1/32/1f477_1f3ff.png,1094
https://static.xx.fbcdn.net/images/emoji.php/v8/z0/1/32/1f482.png,1095
https://static.xx.fbcdn.net/images/emoji.php/v8/z7b/1/32/1f482_1f3fb.png,1096
https://static.xx.fbcdn.net/images/emoji.php/v8/zfc/1/32/1f482_1f3fc.png,1097
https://static.xx.fbcdn.net/images/emoji.php/v8/z7d/1/32/1f482_1f3fd.png,1098
https://static.xx.fbcdn.net/images/emoji.php/v8/zfe/1/32/1f482_1f3fe.png,1099
https://static.xx.fbcdn.net/images/emoji.php/v8/z7f/1/32/1f482_1f3ff.png,1100
https://static.xx.fbcdn.net/images/emoji.php/v8/z42/1/32/1f385.png,1101
https://static.xx.fbcdn.net/images/emoji.php/v8/z3d/1/32/1f385_1f3fb.png,1102
https://static.xx.fbcdn.net/images/emoji.php/v8/zbe/1/32/1f385_1f3fc.png,1103
https://static.xx.fbcdn.net/images/emoji.php/v8/z3f/1/32/1f385_1f3fd.png,1104
https://static.xx.fbcdn.net/images/emoji.php/v8/zc0/1/32/1f385_1f3fe.png,1105
https://static.xx.fbcdn.net/images/emoji.php/v8/z41/1/32/1f385_1f3ff.png,1106
https://static.xx.fbcdn.net/images/emoji.php/v8/z12/1/32/1f47c.png,1107
https://static.xx.fbcdn.net/images/emoji.php/v8/zd/1/32/1f47c_1f3fb.png,1108
https://static.xx.fbcdn.net/images/emoji.php/v8/z8e/1/32/1f47c_1f3fc.png,1109
https://static.xx.fbcdn.net/images/emoji.php/v8/zf/1/32/1f47c_1f3fd.png,1110
https://static.xx.fbcdn.net/images/emoji.php/v8/z90/1/32/1f47c_1f3fe.png,1111
https://static.xx.fbcdn.net/images/emoji.php/v8/z11/1/32/1f47c_1f3ff.png,1112
https://static.xx.fbcdn.net/images/emoji.php/v8/z67/1/32/1f478.png,1113
https://static.xx.fbcdn.net/images/emoji.php/v8/za2/1/32/1f478_1f3fb.png,1114
https://static.xx.fbcdn.net/images/emoji.php/v8/z23/1/32/1f478_1f3fc.png,1115
https://static.xx.fbcdn.net/images/emoji.php/v8/za4/1/32/1f478_1f3fd.png,1116
https://static.xx.fbcdn.net/images/emoji.php/v8/z25/1/32/1f478_1f3fe.png,1117
https://static.xx.fbcdn.net/images/emoji.php/v8/za6/1/32/1f478_1f3ff.png,1118
https://static.xx.fbcdn.net/images/emoji.php/v8/z5f/1/32/1f470.png,1119
https://static.xx.fbcdn.net/images/emoji.php/v8/z9a/1/32/1f470_1f3fb.png,1120
https://static.xx.fbcdn.net/images/emoji.php/v8/z1b/1/32/1f470_1f3fc.png,1121
https://static.xx.fbcdn.net/images/emoji.php/v8/z9c/1/32/1f470_1f3fd.png,1122
https://static.xx.fbcdn.net/images/emoji.php/v8/z1d/1/32/1f470_1f3fe.png,1123
https://static.xx.fbcdn.net/images/emoji.php/v8/z9e/1/32/1f470_1f3ff.png,1124
https://static.xx.fbcdn.net/images/emoji.php/v8/z9c/1/32/1f6b6.png,1125
https://static.xx.fbcdn.net/images/emoji.php/v8/z17/1/32/1f6b6_1f3fb.png,1126
https://static.xx.fbcdn.net/images/emoji.php/v8/z98/1/32/1f6b6_1f3fc.png,1127
https://static.xx.fbcdn.net/images/emoji.php/v8/z19/1/32/1f6b6_1f3fd.png,1128
https://static.xx.fbcdn.net/images/emoji.php/v8/z9a/1/32/1f6b6_1f3fe.png,1129
https://static.xx.fbcdn.net/images/emoji.php/v8/z1b/1/32/1f6b6_1f3ff.png,1130
https://static.xx.fbcdn.net/images/emoji.php/v8/zf5/1/32/1f3c3.png,1131
https://static.xx.fbcdn.net/images/emoji.php/v8/zb0/1/32/1f3c3_1f3fb.png,1132
https://static.xx.fbcdn.net/images/emoji.php/v8/z31/1/32/1f3c3_1f3fc.png,1133
https://static.xx.fbcdn.net/images/emoji.php/v8/zb2/1/32/1f3c3_1f3fd.png,1134
https://static.xx.fbcdn.net/images/emoji.php/v8/z33/1/32/1f3c3_1f3fe.png,1135
https://static.xx.fbcdn.net/images/emoji.php/v8/zb4/1/32/1f3c3_1f3ff.png,1136
https://static.xx.fbcdn.net/images/emoji.php/v8/z81/1/32/1f483.png,1137
https://static.xx.fbcdn.net/images/emoji.php/v8/z3c/1/32/1f483_1f3fb.png,1138
https://static.xx.fbcdn.net/images/emoji.php/v8/zbd/1/32/1f483_1f3fc.png,1139
https://static.xx.fbcdn.net/images/emoji.php/v8/z3e/1/32/1f483_1f3fd.png,1140
https://static.xx.fbcdn.net/images/emoji.php/v8/zbf/1/32/1f483_1f3fe.png,1141
https://static.xx.fbcdn.net/images/emoji.php/v8/z40/1/32/1f483_1f3ff.png,1142
https://static.xx.fbcdn.net/images/emoji.php/v8/z8b/1/32/1f647.png,1143
https://static.xx.fbcdn.net/images/emoji.php/v8/zc6/1/32/1f647_1f3fb.png,1144
https://static.xx.fbcdn.net/images/emoji.php/v8/z47/1/32/1f647_1f3fc.png,1145
https://static.xx.fbcdn.net/images/emoji.php/v8/zc8/1/32/1f647_1f3fd.png,1146
https://static.xx.fbcdn.net/images/emoji.php/v8/z49/1/32/1f647_1f3fe.png,1147
https://static.xx.fbcdn.net/images/emoji.php/v8/zca/1/32/1f647_1f3ff.png,1148
https://static.xx.fbcdn.net/images/emoji.php/v8/z7f/1/32/1f481.png,1149
https://static.xx.fbcdn.net/images/emoji.php/v8/zba/1/32/1f481_1f3fb.png,1150
https://static.xx.fbcdn.net/images/emoji.php/v8/z3b/1/32/1f481_1f3fc.png,1151
https://static.xx.fbcdn.net/images/emoji.php/v8/zbc/1/32/1f481_1f3fd.png,1152
https://static.xx.fbcdn.net/images/emoji.php/v8/z3d/1/32/1f481_1f3fe.png,1153
https://static.xx.fbcdn.net/images/emoji.php/v8/zbe/1/32/1f481_1f3ff.png,1154
https://static.xx.fbcdn.net/images/emoji.php/v8/z89/1/32/1f645.png,1155
https://static.xx.fbcdn.net/images/emoji.php/v8/z44/1/32/1f645_1f3fb.png,1156
https://static.xx.fbcdn.net/images/emoji.php/v8/zc5/1/32/1f645_1f3fc.png,1157
https://static.xx.fbcdn.net/images/emoji.php/v8/z46/1/32/1f645_1f3fd.png,1158
https://static.xx.fbcdn.net/images/emoji.php/v8/zc7/1/32/1f645_1f3fe.png,1159
https://static.xx.fbcdn.net/images/emoji.php/v8/z48/1/32/1f645_1f3ff.png,1160
https://static.xx.fbcdn.net/images/emoji.php/v8/za/1/32/1f646.png,1161
https://static.xx.fbcdn.net/images/emoji.php/v8/z5/1/32/1f646_1f3fb.png,1162
https://static.xx.fbcdn.net/images/emoji.php/v8/z86/1/32/1f646_1f3fc.png,1163
https://static.xx.fbcdn.net/images/emoji.php/v8/z7/1/32/1f646_1f3fd.png,1164
https://static.xx.fbcdn.net/images/emoji.php/v8/z88/1/32/1f646_1f3fe.png,1165
https://static.xx.fbcdn.net/images/emoji.php/v8/z9/1/32/1f646_1f3ff.png,1166
https://static.xx.fbcdn.net/images/emoji.php/v8/z36/1/32/1f64b.png,1167
https://static.xx.fbcdn.net/images/emoji.php/v8/z31/1/32/1f64b_1f3fb.png,1168
https://static.xx.fbcdn.net/images/emoji.php/v8/zb2/1/32/1f64b_1f3fc.png,1169
https://static.xx.fbcdn.net/images/emoji.php/v8/z33/1/32/1f64b_1f3fd.png,1170
https://static.xx.fbcdn.net/images/emoji.php/v8/zb4/1/32/1f64b_1f3fe.png,1171
https://static.xx.fbcdn.net/images/emoji.php/v8/z35/1/32/1f64b_1f3ff.png,1172
https://static.xx.fbcdn.net/images/emoji.php/v8/zb9/1/32/1f64e.png,1173
https://static.xx.fbcdn.net/images/emoji.php/v8/z74/1/32/1f64e_1f3fb.png,1174
https://static.xx.fbcdn.net/images/emoji.php/v8/zf5/1/32/1f64e_1f3fc.png,1175
https://static.xx.fbcdn.net/images/emoji.php/v8/z76/1/32/1f64e_1f3fd.png,1176
https://static.xx.fbcdn.net/images/emoji.php/v8/zf7/1/32/1f64e_1f3fe.png,1177
https://static.xx.fbcdn.net/images/emoji.php/v8/z78/1/32/1f64e_1f3ff.png,1178
https://static.xx.fbcdn.net/images/emoji.php/v8/z38/1/32/1f64d.png,1179
https://static.xx.fbcdn.net/images/emoji.php/v8/zb3/1/32/1f64d_1f3fb.png,1180
https://static.xx.fbcdn.net/images/emoji.php/v8/z34/1/32/1f64d_1f3fc.png,1181
https://static.xx.fbcdn.net/images/emoji.php/v8/zb5/1/32/1f64d_1f3fd.png,1182
https://static.xx.fbcdn.net/images/emoji.php/v8/z36/1/32/1f64d_1f3fe.png,1183
https://static.xx.fbcdn.net/images/emoji.php/v8/zb7/1/32/1f64d_1f3ff.png,1184
https://static.xx.fbcdn.net/images/emoji.php/v8/z85/1/32/1f487.png,1185
https://static.xx.fbcdn.net/images/emoji.php/v8/z40/1/32/1f487_1f3fb.png,1186
https://static.xx.fbcdn.net/images/emoji.php/v8/zc1/1/32/1f487_1f3fc.png,1187
https://static.xx.fbcdn.net/images/emoji.php/v8/z42/1/32/1f487_1f3fd.png,1188
https://static.xx.fbcdn.net/images/emoji.php/v8/zc3/1/32/1f487_1f3fe.png,1189
https://static.xx.fbcdn.net/images/emoji.php/v8/z44/1/32/1f487_1f3ff.png,1190
https://static.xx.fbcdn.net/images/emoji.php/v8/z4/1/32/1f486.png,1191
https://static.xx.fbcdn.net/images/emoji.php/v8/z7f/1/32/1f486_1f3fb.png,1192
https://static.xx.fbcdn.net/images/emoji.php/v8/z0/1/32/1f486_1f3fc.png,1193
https://static.xx.fbcdn.net/images/emoji.php/v8/z81/1/32/1f486_1f3fd.png,1194
https://static.xx.fbcdn.net/images/emoji.php/v8/z2/1/32/1f486_1f3fe.png,1195
https://static.xx.fbcdn.net/images/emoji.php/v8/z83/1/32/1f486_1f3ff.png,1196
